Workbook

Sheet India
A1: Year | B1: headline_cpi_quarterly | C1: headline_cpi_yy | D1: Year | E1: core_cpi_quarterly | F1: cpi_yy | G1: observation_date | H1: ex_rate_quarterly_avg | I1: Year | J1: cons_quarterly (constant prices) | K1: cons_quarterly ($) | L1: cons_yy | O1: Year | P1: GFCF_quarterly (constant prices) | Q1: GFCF_quarterly ($) | R1: gfcf_yy | S1: Year | T1: g_quarterly(constant prices) | U1: g_quarterly($) | V1: g_yy | X1: Year | Y1: Imports_quarterly | Z1: exports_quarterly | AA1: netx_quarterly | AB1: netx_q ($) | AC1: netx_yy | DW1: Year | DX1: cons_quarterly (constant prices) | DY1: cons_yy | DZ1: 1USD= 86.95INR | EA1: cons_yy ($) | EB1: Year | EC1: GFCF_quarterly (constant prices) | ED1: gfcf_yy | EE1: gfcf_yy ($) | EF1: Year | EG1: g_quarterly(constant prices) | EH1: g_yy | EI1: g_yy ($) | EJ1: Year | EK1: NetX_quarterly ($) | EL1: NetX_yy
A2: 25569 | B2: 2.990122 | C2: N/A | D2: 40544 | E2: 87.9 | F2: N/A | G2: 35156 | H2: 34.814682 | I2: 35156 | J2: 4.806275e+12 | K2: =J2/H2 -> 1.3805311e+11 | L2: N/A | O2: 35156 | P2: 1.7812392e+12 | Q2: =P2/H2 -> 5.116345e+10 | R2: N/A | S2: 35156 | T2: 8.7499718e+11 | U2: =T2/H2 -> 2.5132994e+10 | V2: N/A | X2: 17168 | DW2: 35156 | DX2: 4.806275e+12 | DY2: N/A | DZ2: N/A | EA2: N/A | EB2: 35156 | EC2: 1.7812392e+12 | ED2: N/A | EE2: N/A | EF2: 35156 | EG2: 8.7499718e+11 | EH2: N/A | EI2: N/A | EJ2: 17168 | EK2: 10.875 | EL2: N/A
A3: 25659 | B3: 3.078745 | C3: N/A | D3: 40634 | E3: 90.466667 | F3: N/A | G3: 35247 | H3: 35.763939 | I3: 35247 | J3: 4.8165102e+12 | K3: =J3/H3 -> 1.3467505e+11 | L3: N/A | O3: 35247 | P3: 1.8316702e+12 | Q3: =P3/H3 -> 5.1215562e+10 | R3: N/A | S3: 35247 | T3: 8.3731309e+11 | U3: =T3/H3 -> 2.3412217e+10 | V3: N/A | X3: 17258 | DW3: 35247 | DX3: 4.8165102e+12 | DY3: N/A | DZ3: N/A | EA3: N/A | EB3: 35247 | EC3: 1.8316702e+12 | ED3: N/A | EE3: N/A | EF3: 35247 | EG3: 8.3731309e+11 | EH3: N/A | EI3: N/A | EJ3: 17258 | EK3: 11.294 | EL3: N/A
A4: 25750 | B4: 3.145516 | C4: N/A | D4: 40725 | E4: 92.5 | F4: N/A | G4: 35339 | H4: 35.841439 | I4: 35339 | J4: 4.8455616e+12 | K4: =J4/H4 -> 1.3519439e+11 | L4: N/A | O4: 35339 | P4: 1.8656317e+12 | Q4: =P4/H4 -> 5.2052367e+10 | R4: N/A | S4: 35339 | T4: 8.6827503e+11 | U4: =T4/H4 -> 2.4225451e+10 | V4: N/A | X4: 17349 | DW4: 35339 | DX4: 4.8455616e+12 | DY4: N/A | DZ4: N/A | EA4: N/A | EB4: 35339 | EC4: 1.8656317e+12 | ED4: N/A | EE4: N/A | EF4: 35339 | EG4: 8.6827503e+11 | EH4: N/A | EI4: N/A | EJ4: 17349 | EK4: 11.77 | EL4: N/A
A5: 25842 | B5: 3.162512 | C5: N/A | D5: 40817 | E5: 94.833333 | F5: N/A | G5: 35431 | H5: 35.892986 | I5: 35431 | J5: 4.8915914e+12 | K5: =J5/H5 -> 1.3628266e+11 | L5: N/A | O5: 35431 | P5: 1.9236267e+12 | Q5: =P5/H5 -> 5.3593389e+10 | R5: N/A | S5: 35431 | T5: 9.5762862e+11 | U5: =T5/H5 -> 2.6680105e+10 | V5: N/A | X5: 17441 | DW5: 35431 | DX5: 4.8915914e+12 | DY5: N/A | DZ5: N/A | EA5: N/A | EB5: 35431 | EC5: 1.9236267e+12 | ED5: N/A | EE5: N/A | EF5: 35431 | EG5: 9.5762862e+11 | EH5: N/A | EI5: N/A | EJ5: 17441 | EK5: 9.289 | EL5: N/A
A6: 25934 | B6: 3.095741 | C6: =(B6/B2-1)*100 -> 3.5322639 | D6: 40909 | E6: 96.833333 | F6: =(E6/E2-1)*100 -> 10.163064 | G6: 35521 | H6: 35.824379 | I6: 35521 | J6: 4.9222525e+12 | K6: =J6/H6 -> 1.3739952e+11 | L6: =(K6/K2-1)*100 -> -0.4734313 | O6: 35521 | P6: 1.9153111e+12 | Q6: =P6/H6 -> 5.3463902e+10 | R6: =(Q6/Q2-1)*100 -> 4.496281 | S6: 35521 | T6: 8.7576638e+11 | U6: =T6/H6 -> 2.4446101e+10 | V6: =(U6/U2-1)*100 -> -2.733033 | X6: 17533 | DW6: 35521 | DX6: 4.9222525e+12 | DY6: =(DX6/DX2-1)*100 -> 2.4130438 | DZ6: 86.95 | EA6: =DY6/DZ6 -> 0.027752085 | EB6: 35521 | EC6: 1.9153111e+12 | ED6: =(EC6/EC2-1)*100 -> 7.526888 | EE6: =ED6/DZ6 -> 0.086565704 | EF6: 35521 | EG6: 8.7576638e+11 | EH6: =(EG6/EG2-1)*100 -> 0.087909063 | EI6: =EH6/DZ6 -> 0.00101103 | EJ6: 17533 | EK6: 7.293 | EL6: =(EK6/EK2-1)*100 -> -32.937931
A7: 26024 | B7: 3.112737 | C7: =(B7/B3-1)*100 -> 1.1040862 | D7: 41000 | E7: 99.1 | F7: =(E7/E3-1)*100 -> 9.5431098 | G7: 35612 | H7: 36.077137 | I7: 35612 | J7: 4.9946703e+12 | K7: =J7/H7 -> 1.384442e+11 | L7: =(K7/K3-1)*100 -> 2.7986978 | O7: 35612 | P7: 1.9358378e+12 | Q7: =P7/H7 -> 5.3658299e+10 | R7: =(Q7/Q3-1)*100 -> 4.7695214 | S7: 35612 | T7: 9.2402672e+11 | U7: =T7/H7 -> 2.5612529e+10 | V7: =(U7/U3-1)*100 -> 9.3981372 | X7: 17624 | DW7: 35612 | DX7: 4.9946703e+12 | DY7: =(DX7/DX3-1)*100 -> 3.6989444 | DZ7: 86.95 | EA7: =DY7/DZ7 -> 0.042541052 | EB7: 35612 | EC7: 1.9358378e+12 | ED7: =(EC7/EC3-1)*100 -> 5.6870274 | EE7: =ED7/DZ7 -> 0.06540572 | EF7: 35612 | EG7: 9.2402672e+11 | EH7: =(EG7/EG3-1)*100 -> 10.356178 | EI7: =EH7/DZ7 -> 0.11910498 | EJ7: 17624 | EK7: 5.205 | EL7: =(EK7/EK3-1)*100 -> -53.913582
A8: 26115 | B8: 3.252349 | C8: =(B8/B4-1)*100 -> 3.3963585 | D8: 41091 | E8: 100.83333 | F8: =(E8/E4-1)*100 -> 9.009009 | G8: 35704 | H8: 37.650675 | I8: 35704 | J8: 4.9848081e+12 | K8: =J8/H8 -> 1.3239625e+11 | L8: =(K8/K4-1)*100 -> -2.0697181 | O8: 35704 | P8: 1.9917458e+12 | Q8: =P8/H8 -> 5.2900666e+10 | R8: =(Q8/Q4-1)*100 -> 1.6297029 | S8: 35704 | T8: 9.8093732e+11 | U8: =T8/H8 -> 2.6053645e+10 | V8: =(U8/U4-1)*100 -> 7.5465838 | X8: 17715 | DW8: 35704 | DX8: 4.9848081e+12 | DY8: =(DX8/DX4-1)*100 -> 2.8736929 | DZ8: 86.95 | EA8: =DY8/DZ8 -> 0.033049948 | EB8: 35704 | EC8: 1.9917458e+12 | ED8: =(EC8/EC4-1)*100 -> 6.7598566 | EE8: =ED8/DZ8 -> 0.077744182 | EF8: 35704 | EG8: 9.8093732e+11 | EH8: =(EG8/EG4-1)*100 -> 12.975415 | EI8: =EH8/DZ8 -> 0.14922846 | EJ8: 17715 | EK8: 4.949 | EL8: =(EK8/EK4-1)*100 -> -57.952421
A9: 26207 | B9: 3.297268 | C9: =(B9/B5-1)*100 -> 4.2610431 | D9: 41183 | E9: 103.26667 | F9: =(E9/E5-1)*100 -> 8.8927944 | G9: 35796 | H9: 39.211335 | I9: 35796 | J9: 5.0369861e+12 | K9: =J9/H9 -> 1.284574e+11 | L9: =(K9/K5-1)*100 -> -5.7419306 | O9: 35796 | P9: 2.0040111e+12 | Q9: =P9/H9 -> 5.1107954e+10 | R9: =(Q9/Q5-1)*100 -> -4.637577 | S9: 35796 | T9: 1.1556374e+12 | U9: =T9/H9 -> 2.9472025e+10 | V9: =(U9/U5-1)*100 -> 10.464426 | X9: 17807 | DW9: 35796 | DX9: 5.0369861e+12 | DY9: =(DX9/DX5-1)*100 -> 2.9723403 | DZ9: 86.95 | EA9: =DY9/DZ9 -> 0.034184477 | EB9: 35796 | EC9: 2.0040111e+12 | ED9: =(EC9/EC5-1)*100 -> 4.1787927 | EE9: =ED9/DZ9 -> 0.04805972 | EF9: 35796 | EG9: 1.1556374e+12 | EH9: =(EG9/EG5-1)*100 -> 20.676994 | EI9: =EH9/DZ9 -> 0.23780326 | EJ9: 17807 | EK9: 4.501 | EL9: =(EK9/EK5-1)*100 -> -51.544838
A10: 26299 | B10: 3.257205 | C10: =(B10/B6-1)*100 -> 5.2156818 | D10: 41275 | E10: 105.13333 | F10: =(E10/E6-1)*100 -> 8.5714286 | G10: 35886 | H10: 40.734566 | I10: 35886 | J10: 5.4218562e+12 | K10: =J10/H10 -> 1.331021e+11 | L10: =(K10/K6-1)*100 -> -3.127683 | O10: 35886 | P10: 2.0426701e+12 | Q10: =P10/H10 -> 5.0145866e+10 | R10: =(Q10/Q6-1)*100 -> -6.2061236 | S10: 35886 | T10: 1.1974571e+12 | U10: =T10/H10 -> 2.9396584e+10 | V10: =(U10/U6-1)*100 -> 20.250606 | X10: 17899 | DW10: 35886 | DX10: 5.4218562e+12 | DY10: =(DX10/DX6-1)*100 -> 10.1499 | DZ10: 86.95 | EA10: =DY10/DZ10 -> 0.11673261 | EB10: 35886 | EC10: 2.0426701e+12 | ED10: =(EC10/EC6-1)*100 -> 6.6495204 | EE10: =ED10/DZ10 -> 0.07647522 | EF10: 35886 | EG10: 1.1974571e+12 | EH10: =(EG10/EG6-1)*100 -> 36.732481 | EI10: =EH10/DZ10 -> 0.42245522 | EJ10: 17899 | EK10: 6.478 | EL10: =(EK10/EK6-1)*100 -> -11.175099
A11: 26390 | B11: 3.31912 | C11: =(B11/B7-1)*100 -> 6.6302743 | D11: 41365 | E11: 106.33333 | F11: =(E11/E7-1)*100 -> 7.2990246 | G11: 35977 | H11: 42.560388 | I11: 35977 | J11: 5.461006e+12 | K11: =J11/H11 -> 1.2831194e+11 | L11: =(K11/K7-1)*100 -> -7.3186563 | O11: 35977 | P11: 2.0816242e+12 | Q11: =P11/H11 -> 4.8909896e+10 | R11: =(Q11/Q7-1)*100 -> -8.8493356 | S11: 35977 | T11: 1.1139696e+12 | U11: =T11/H11 -> 2.6173859e+10 | V11: =(U11/U7-1)*100 -> 2.1916218 | X11: 17989 | DW11: 35977 | DX11: 5.461006e+12 | DY11: =(DX11/DX7-1)*100 -> 9.3366673 | DZ11: 86.95 | EA11: =DY11/DZ11 -> 0.10737973 | EB11: 35977 | EC11: 2.0816242e+12 | ED11: =(EC11/EC7-1)*100 -> 7.5309169 | EE11: =ED11/DZ11 -> 0.086612041 | EF11: 35977 | EG11: 1.1139696e+12 | EH11: =(EG11/EG7-1)*100 -> 20.555992 | EI11: =EH11/DZ11 -> 0.23641164 | EJ11: 17989 | EK11: 6.283 | EL11: =(EK11/EK7-1)*100 -> 20.710855
A12: 26481 | B12: 3.476942 | C12: =(B12/B8-1)*100 -> 6.9055627 | D12: 41456 | E12: 108.6 | F12: =(E12/E8-1)*100 -> 7.7024793 | G12: 36069 | H12: 42.408748 | I12: 36069 | J12: 4.8361538e+12 | K12: =J12/H12 -> 1.140367e+11 | L12: =(K12/K8-1)*100 -> -13.867119 | O12: 36069 | P12: 2.1309567e+12 | Q12: =P12/H12 -> 5.0248045e+10 | R12: =(Q12/Q8-1)*100 -> -5.0143417 | S12: 36069 | T12: 1.0178617e+12 | U12: =T12/H12 -> 2.4001221e+10 | V12: =(U12/U8-1)*100 -> -7.8776837 | X12: 18080 | DW12: 36069 | DX12: 4.8361538e+12 | DY12: =(DX12/DX8-1)*100 -> -2.9821471 | DZ12: 86.95 | EA12: =DY12/DZ12 -> -0.034297264 | EB12: 36069 | EC12: 2.1309567e+12 | ED12: =(EC12/EC8-1)*100 -> 6.9893923 | EE12: =ED12/DZ12 -> 0.080384041 | EF12: 36069 | EG12: 1.0178617e+12 | EH12: =(EG12/EG8-1)*100 -> 3.7641978 | EI12: =EH12/DZ12 -> 0.043291521 | EJ12: 18080 | EK12: 5.179 | EL12: =(EK12/EK8-1)*100 -> 4.6474035
A13: 26573 | B13: 3.526717 | C13: =(B13/B9-1)*100 -> 6.958761 | D13: 41548 | E13: 110.46667 | F13: =(E13/E9-1)*100 -> 6.9722402 | G13: 36161 | H13: 42.460407 | I13: 36161 | J13: 5.5159565e+12 | K13: =J13/H13 -> 1.2990823e+11 | L13: =(K13/K9-1)*100 -> 1.1294285 | O13: 36161 | P13: 2.1718941e+12 | Q13: =P13/H13 -> 5.1151044e+10 | R13: =(Q13/Q9-1)*100 -> 0.084311647 | S13: 36161 | T13: 1.0870287e+12 | U13: =T13/H13 -> 2.5600997e+10 | V13: =(U13/U9-1)*100 -> -13.134584 | X13: 18172 | DW13: 36161 | DX13: 5.5159565e+12 | DY13: =(DX13/DX9-1)*100 -> 9.5090658 | DZ13: 86.95 | EA13: =DY13/DZ13 -> 0.10936246 | EB13: 36161 | EC13: 2.1718941e+12 | ED13: =(EC13/EC9-1)*100 -> 8.37735 | EE13: =ED13/DZ13 -> 0.096346751 | EF13: 36161 | EG13: 1.0870287e+12 | EH13: =(EG13/EG9-1)*100 -> -5.9368703 | EI13: =EH13/DZ13 -> -0.068279129 | EJ13: 18172 | EK13: 2.999 | EL13: =(EK13/EK9-1)*100 -> -33.370362
A14: 26665 | B14: 3.583776 | C14: =(B14/B10-1)*100 -> 10.026111 | D14: 41640 | E14: 112.26667 | F14: =(E14/E10-1)*100 -> 6.7850349 | G14: 36251 | H14: 42.877362 | I14: 36251 | J14: 5.5650859e+12 | K14: =J14/H14 -> 1.2979077e+11 | L14: =(K14/K10-1)*100 -> -2.4878099 | O14: 36251 | P14: 2284961162015 | Q14: =P14/H14 -> 5.3290619e+10 | R14: =(Q14/Q10-1)*100 -> 6.2712103 | S14: 36251 | T14: 1.2267501e+12 | U14: =T14/H14 -> 2.8610672e+10 | V14: =(U14/U10-1)*100 -> -2.6734824 | X14: 18264 | DW14: 36251 | DX14: 5.5650859e+12 | DY14: =(DX14/DX10-1)*100 -> 2.6417091 | DZ14: 86.95 | EA14: =DY14/DZ14 -> 0.030381934 | EB14: 36251 | EC14: 2284961162015 | ED14: =(EC14/EC10-1)*100 -> 11.861488 | EE14: =ED14/DZ14 -> 0.13641734 | EF14: 36251 | EG14: 1.2267501e+12 | EH14: =(EG14/EG10-1)*100 -> 2.4462695 | EI14: =EH14/DZ14 -> 0.028134209 | EJ14: 18264 | EK14: 2.203 | EL14: =(EK14/EK10-1)*100 -> -65.99259
A15: 26755 | B15: 3.824151 | C15: =(B15/B11-1)*100 -> 15.21581 | D15: 41730 | E15: 113.56667 | F15: =(E15/E11-1)*100 -> 6.8025078 | G15: 36342 | H15: 43.425591 | I15: 36342 | J15: 5.5805697e+12 | K15: =J15/H15 -> 1.2850878e+11 | L15: =(K15/K11-1)*100 -> 0.15340732 | O15: 36342 | P15: 2.3311708e+12 | Q15: =P15/H15 -> 5.368196e+10 | R15: =(Q15/Q11-1)*100 -> 9.7568473 | S15: 36342 | T15: 1.271234e+12 | U15: =T15/H15 -> 2.9273844e+10 | V15: =(U15/U11-1)*100 -> 11.843824 | X15: 18354 | DW15: 36342 | DX15: 5.5805697e+12 | DY15: =(DX15/DX11-1)*100 -> 2.1894086 | DZ15: 86.95 | EA15: =DY15/DZ15 -> 0.025180087 | EB15: 36342 | EC15: 2.3311708e+12 | ED15: =(EC15/EC11-1)*100 -> 11.988075 | EE15: =ED15/DZ15 -> 0.13787321 | EF15: 36342 | EG15: 1.271234e+12 | EH15: =(EG15/EG11-1)*100 -> 14.117477 | EI15: =EH15/DZ15 -> 0.16236317 | EJ15: 18354 | EK15: 1.643 | EL15: =(EK15/EK11-1)*100 -> -73.850072
A16: 26846 | B16: 4.138581 | C16: =(B16/B12-1)*100 -> 19.029337 | D16: 41821 | E16: 114.9 | F16: =(E16/E12-1)*100 -> 5.801105 | G16: 36434 | H16: 43.433381 | I16: 36434 | J16: 5.6796474e+12 | K16: =J16/H16 -> 1.3076687e+11 | L16: =(K16/K12-1)*100 -> 14.670864 | O16: 36434 | P16: 2.3378018e+12 | Q16: =P16/H16 -> 5.3825002e+10 | R16: =(Q16/Q12-1)*100 -> 7.1185991 | S16: 36434 | T16: 1.2839776e+12 | U16: =T16/H16 -> 2.9561999e+10 | V16: =(U16/U12-1)*100 -> 23.16873 | X16: 18445 | DW16: 36434 | DX16: 5.6796474e+12 | DY16: =(DX16/DX12-1)*100 -> 17.441414 | DZ16: 86.95 | EA16: =DY16/DZ16 -> 0.20059131 | EB16: 36434 | EC16: 2.3378018e+12 | ED16: =(EC16/EC12-1)*100 -> 9.7066794 | EE16: =ED16/DZ16 -> 0.11163519 | EF16: 36434 | EG16: 1.2839776e+12 | EH16: =(EG16/EG12-1)*100 -> 26.144596 | EI16: =EH16/DZ16 -> 0.3006854 | EJ16: 18445 | EK16: -0.74 | EL16: =(EK16/EK12-1)*100 -> -114.28847
A17: 26938 | B17: 4.334037 | C17: =(B17/B13-1)*100 -> 22.891545 | D17: 41913 | E17: 115.63333 | F17: =(E17/E13-1)*100 -> 4.6771273 | G17: 36526 | H17: 43.575475 | I17: 36526 | J17: 5.7006063e+12 | K17: =J17/H17 -> 1.3082144e+11 | L17: =(K17/K13-1)*100 -> 0.70296101 | O17: 36526 | P17: 2.417943e+12 | Q17: =P17/H17 -> 5.5488621e+10 | R17: =(Q17/Q13-1)*100 -> 8.479938 | S17: 36526 | T17: 1.2188541e+12 | U17: =T17/H17 -> 2.7971102e+10 | V17: =(U17/U13-1)*100 -> 9.2578645 | X17: 18537 | DW17: 36526 | DX17: 5.7006063e+12 | DY17: =(DX17/DX13-1)*100 -> 3.3475579 | DZ17: 86.95 | EA17: =DY17/DZ17 -> 0.038499804 | EB17: 36526 | EC17: 2.417943e+12 | ED17: =(EC17/EC13-1)*100 -> 11.328769 | EE17: =ED17/DZ17 -> 0.13029061 | EF17: 36526 | EG17: 1.2188541e+12 | EH17: =(EG17/EG13-1)*100 -> 12.127125 | EI17: =EH17/DZ17 -> 0.1394724 | EJ17: 18537 | EK17: -0.154 | EL17: =(EK17/EK13-1)*100 -> -105.13505
... A53: 30225 | B53: 8.322081 | C53: =(B53/B49-1)*100 -> 7.3778247 | D53: 45200 | E53: 181.1 | F53: =(E53/E49-1)*100 -> 4.0405975 | G53: 39814 | H53: 49.741947 | I53: 39814 | J53: 9.8397274e+12 | K53: =J53/H53 -> 1.9781549e+11 | L53: =(K53/K49-1)*100 -> -15.655729 | O53: 39814 | P53: 5.3122549e+12 | Q53: =P53/H53 -> 1.0679628e+11 | R53: =(Q53/Q49-1)*100 -> -27.18737 | S53: 39814 | T53: 2.0852753e+12 | U53: =T53/H53 -> 4.1921868e+10 | V53: =(U53/U49-1)*100 -> -22.382182 | X53: 21824 | DW53: 39814 | DX53: 9.8397274e+12 | DY53: =(DX53/DX49-1)*100 -> 5.3506571 | DZ53: 86.95 | EA53: =DY53/DZ53 -> 0.061537172 | EB53: 39814 | EC53: 5.3122549e+12 | ED53: =(EC53/EC49-1)*100 -> -9.0530005 | EE53: =ED53/DZ53 -> -0.10411731 | EF53: 39814 | EG53: 2.0852753e+12 | EH53: =(EG53/EG49-1)*100 -> -3.0510553 | EI53: =EH53/DZ53 -> -0.035089768 | EJ53: 21824 | EK53: 0.627 | EL53: =(EK53/EK49-1)*100 -> -341.15385
A54: 30317 | B54: 8.394921 | C54: =(B54/B50-1)*100 -> 8.9491082 | G54: 39904 | H54: 48.686616 | I54: 39904 | J54: 1.0101631e+13 | K54: =J54/H54 -> 2.0748271e+11 | L54: =(K54/K50-1)*100 -> -8.9355743 | O54: 39904 | P54: 5.9567502e+12 | Q54: =P54/H54 -> 1.2234882e+11 | R54: =(Q54/Q50-1)*100 -> -15.906762 | S54: 39904 | T54: 1.7906593e+12 | U54: =T54/H54 -> 3.6779293e+10 | V54: =(U54/U50-1)*100 -> -1.6035004 | X54: 21916 | DW54: 39904 | DX54: 1.0101631e+13 | DY54: =(DX54/DX50-1)*100 -> 6.4282696 | DZ54: 86.95 | EA54: =DY54/DZ54 -> 0.073930645 | EB54: 39904 | EC54: 5.9567502e+12 | ED54: =(EC54/EC50-1)*100 -> -1.7190552 | EE54: =ED54/DZ54 -> -0.019770617 | EF54: 39904 | EG54: 1.7906593e+12 | EH54: =(EG54/EG50-1)*100 -> 14.997367 | EI54: =EH54/DZ54 -> 0.17248266 | EJ54: 21916 | EK54: 2.858 | EL54: =(EK54/EK50-1)*100 -> 450.67437
A55: 30407 | B55: 8.760341 | C55: =(B55/B51-1)*100 -> 12.311287 | G55: 39995 | H55: 48.302637 | I55: 39995 | J55: 1.0373051e+13 | K55: =J55/H55 -> 2.1475124e+11 | L55: =(K55/K51-1)*100 -> -1.5095991 | O55: 39995 | P55: 6.2219327e+12 | Q55: =P55/H55 -> 1.2881145e+11 | R55: =(Q55/Q51-1)*100 -> -6.2597646 | S55: 39995 | T55: 1.7434464e+12 | U55: =T55/H55 -> 3.6094228e+10 | V55: =(U55/U51-1)*100 -> 13.713524 | X55: 22007 | DW55: 39995 | DX55: 1.0373051e+13 | DY55: =(DX55/DX51-1)*100 -> 8.5508769 | DZ55: 86.95 | EA55: =DY55/DZ55 -> 0.098342461 | EB55: 39995 | EC55: 6.2219327e+12 | ED55: =(EC55/EC51-1)*100 -> 3.3154974 | EE55: =ED55/DZ55 -> 0.03813108 | EF55: 39995 | EG55: 1.7434464e+12 | EH55: =(EG55/EG51-1)*100 -> 25.328993 | EI55: =EH55/DZ55 -> 0.29130527 | EJ55: 22007 | EK55: 3.395 | EL55: =(EK55/EK51-1)*100 -> -542.05729
A56: 30498 | B56: 9.219238 | C56: =(B56/B52-1)*100 -> 12.989138 | G56: 40087 | H56: 46.561111 | I56: 40087 | J56: 1.0510507e+13 | K56: =J56/H56 -> 2.2573573e+11 | L56: =(K56/K52-1)*100 -> 12.964736 | O56: 40087 | P56: 6.2941278e+12 | Q56: =P56/H56 -> 1.3517993e+11 | R56: =(Q56/Q52-1)*100 -> 11.952009 | S56: 40087 | T56: 2.413328e+12 | U56: =T56/H56 -> 5.1831409e+10 | V56: =(U56/U52-1)*100 -> 12.192351 | X56: 22098 | DW56: 40087 | DX56: 1.0510507e+13 | DY56: =(DX56/DX52-1)*100 -> 7.7595058 | DZ56: 86.95 | EA56: =DY56/DZ56 -> 0.08924101 | EB56: 40087 | EC56: 6.2941278e+12 | ED56: =(EC56/EC52-1)*100 -> 6.7934441 | EE56: =ED56/DZ56 -> 0.078130467 | EF56: 40087 | EG56: 2.413328e+12 | EH56: =(EG56/EG52-1)*100 -> 7.0227112 | EI56: =EH56/DZ56 -> 0.080767237 | EJ56: 22098 | EK56: 4.682 | EL56: =(EK56/EK52-1)*100 -> 286.62263
A57: 30590 | B57: 9.408625 | C57: =(B57/B53-1)*100 -> 13.056157 | G57: 40179 | H57: 45.880349 | I57: 40179 | J57: 1.0509539e+13 | K57: =J57/H57 -> 2.2906406e+11 | L57: =(K57/K53-1)*100 -> 15.796829 | O57: 40179 | P57: 6.6017709e+12 | Q57: =P57/H57 -> 1.4389104e+11 | R57: =(Q57/Q53-1)*100 -> 34.734127 | S57: 40179 | T57: 2.3526773e+12 | U57: =T57/H57 -> 5.127854e+10 | V57: =(U57/U53-1)*100 -> 22.319309 | X57: 22190 | DW57: 40179 | DX57: 1.0509539e+13 | DY57: =(DX57/DX53-1)*100 -> 6.8072163 | DZ57: 86.95 | EA57: =DY57/DZ57 -> 0.078288859 | EB57: 40179 | EC57: 6.6017709e+12 | ED57: =(EC57/EC53-1)*100 -> 24.274361 | EE57: =ED57/DZ57 -> 0.27917609 | EF57: 40179 | EG57: 2.3526773e+12 | EH57: =(EG57/EG53-1)*100 -> 12.823339 | EI57: =EH57/DZ57 -> 0.14747946 | EJ57: 22190 | EK57: 5.88 | EL57: =(EK57/EK53-1)*100 -> 837.79904
A58: 30682 | B58: 9.431691 | C58: =(B58/B54-1)*100 -> 12.349967 | G58: 40269 | H58: 45.567464 | I58: 40269 | J58: 1.0960151e+13 | K58: =J58/H58 -> 2.405258e+11 | L58: =(K58/K54-1)*100 -> 15.925709 | O58: 40269 | P58: 6.685079e+12 | Q58: =P58/H58 -> 1.4670729e+11 | R58: =(Q58/Q54-1)*100 -> 19.90903 | S58: 40269 | T58: 1.9511367e+12 | U58: =T58/H58 -> 4.2818638e+10 | V58: =(U58/U54-1)*100 -> 16.420502 | X58: 22282 | DW58: 40269 | DX58: 1.0960151e+13 | DY58: =(DX58/DX54-1)*100 -> 8.4988234 | DZ58: 86.95 | EA58: =DY58/DZ58 -> 0.0977438 | EB58: 40269 | EC58: 6.685079e+12 | ED58: =(EC58/EC54-1)*100 -> 12.226949 | EE58: =ED58/DZ58 -> 0.14062046 | EF58: 40269 | EG58: 1.9511367e+12 | EH58: =(EG58/EG54-1)*100 -> 8.9619173 | EI58: =EH58/DZ58 -> 0.10306978 | EJ58: 22282 | EK58: 5.902 | EL58: =(EK58/EK54-1)*100 -> 106.50805
A59: 30773 | B59: 9.504532 | C59: =(B59/B55-1)*100 -> 8.4950004 | G59: 40360 | H59: 46.382773 | I59: 40360 | J59: 1.1286216e+13 | K59: =J59/H59 -> 2.4332775e+11 | L59: =(K59/K55-1)*100 -> 13.306795 | O59: 40360 | P59: 6.8987679e+12 | Q59: =P59/H59 -> 1.4873557e+11 | R59: =(Q59/Q55-1)*100 -> 15.467658 | S59: 40360 | T59: 1.8889914e+12 | U59: =T59/H59 -> 4.0726142e+10 | V59: =(U59/U55-1)*100 -> 12.832837 | X59: 22372 | DW59: 40360 | DX59: 1.1286216e+13 | DY59: =(DX59/DX55-1)*100 -> 8.8032378 | DZ59: 86.95 | EA59: =DY59/DZ59 -> 0.10124483 | EB59: 40360 | EC59: 6.8987679e+12 | ED59: =(EC59/EC55-1)*100 -> 10.878214 | EE59: =ED59/DZ59 -> 0.12510885 | EF59: 40360 | EG59: 1.8889914e+12 | EH59: =(EG59/EG55-1)*100 -> 8.3481188 | EI59: =EH59/DZ59 -> 0.096010566 | EJ59: 22372 | EK59: 4.727 | EL59: =(EK59/EK55-1)*100 -> 39.234168
A60: 30864 | B60: 9.869951 | C60: =(B60/B56-1)*100 -> 7.0582081 | G60: 40452 | H60: 44.792815 | I60: 40452 | J60: 1.1296946e+13 | K60: =J60/H60 -> 2.5220443e+11 | L60: =(K60/K56-1)*100 -> 11.725523 | O60: 40452 | P60: 7.1810578e+12 | Q60: =P60/H60 -> 1.6031718e+11 | R60: =(Q60/Q56-1)*100 -> 18.595399 | S60: 40452 | T60: 2.4782328e+12 | U60: =T60/H60 -> 5.532657e+10 | V60: =(U60/U56-1)*100 -> 6.7433259 | X60: 22463 | DW60: 40452 | DX60: 1.1296946e+13 | DY60: =(DX60/DX56-1)*100 -> 7.4824166 | DZ60: 86.95 | EA60: =DY60/DZ60 -> 0.086054245 | EB60: 40452 | EC60: 7.1810578e+12 | ED60: =(EC60/EC56-1)*100 -> 14.091388 | EE60: =ED60/DZ60 -> 0.16206312 | EF60: 40452 | EG60: 2.4782328e+12 | EH60: =(EG60/EG56-1)*100 -> 2.6894327 | EI60: =EH60/DZ60 -> 0.030930796 | EJ60: 22463 | EK60: 4.453 | EL60: =(EK60/EK56-1)*100 -> -4.8910722
A61: 30956 | B61: 9.953718 | C61: =(B61/B57-1)*100 -> 5.7935458 | G61: 40544 | H61: 45.215796 | I61: 40544 | J61: 1.1554586e+13 | K61: =J61/H61 -> 2.5554312e+11 | L61: =(K61/K57-1)*100 -> 11.559675 | O61: 40544 | P61: 7.0667005e+12 | Q61: =P61/H61 -> 1.5628831e+11 | R61: =(Q61/Q57-1)*100 -> 8.6157409 | S61: 40544 | T61: 2.4608138e+12 | U61: =T61/H61 -> 5.4423765e+10 | V61: =(U61/U57-1)*100 -> 6.1336086 | X61: 22555 | DW61: 40544 | DX61: 1.1554586e+13 | DY61: =(DX61/DX57-1)*100 -> 9.9437916 | DZ61: 86.95 | EA61: =DY61/DZ61 -> 0.11436218 | EB61: 40544 | EC61: 7.0667005e+12 | ED61: =(EC61/EC57-1)*100 -> 7.0424985 | EE61: =ED61/DZ61 -> 0.080994807 | EF61: 40544 | EG61: 2.4608138e+12 | EH61: =(EG61/EG57-1)*100 -> 4.5963186 | EI61: =EH61/DZ61 -> 0.052861628 | EJ61: 22555 | EK61: 4.572 | EL61: =(EK61/EK57-1)*100 -> -22.244898
A62: 31048 | B62: 9.863881 | C62: =(B62/B58-1)*100 -> 4.5823172 | G62: 40634 | H62: 44.667697 | I62: 40634 | J62: 1.263598e+13 | K62: =J62/H62 -> 2.8288855e+11 | L62: =(K62/K58-1)*100 -> 17.612559 | O62: 40634 | P62: 7.2605459e+12 | Q62: =P62/H62 -> 1.6254579e+11 | R62: =(Q62/Q58-1)*100 -> 10.795987 | S62: 40634 | T62: 2041651459000 | U62: =T62/H62 -> 4.5707561e+10 | V62: =(U62/U58-1)*100 -> 6.7468813 | X62: 22647 | DW62: 40634 | DX62: 1.263598e+13 | DY62: =(DX62/DX58-1)*100 -> 15.290202 | DZ62: 86.95 | EA62: =DY62/DZ62 -> 0.17585051 | EB62: 40634 | EC62: 7.2605459e+12 | ED62: =(EC62/EC58-1)*100 -> 8.6082286 | EE62: =ED62/DZ62 -> 0.099002054 | EF62: 40634 | EG62: 2041651459000 | EH62: =(EG62/EG58-1)*100 -> 4.6390758 | EI62: =EH62/DZ62 -> 0.053353374 | EJ62: 22647 | EK62: 4.01 | EL62: =(EK62/EK58-1)*100 -> -32.05693
A63: 31138 | B63: 10.09333 | C63: =(B63/B59-1)*100 -> 6.1949184 | G63: 40725 | H63: 45.77267 | I63: 40725 | J63: 1.1784083e+13 | K63: =J63/H63 -> 2.57448e+11 | L63: =(K63/K59-1)*100 -> 5.8029783 | O63: 40725 | P63: 7.4022916e+12 | Q63: =P63/H63 -> 1.6171859e+11 | R63: =(Q63/Q59-1)*100 -> 8.7289287 | S63: 40725 | T63: 2571467026000 | U63: =T63/H63 -> 5.6179091e+10 | V63: =(U63/U59-1)*100 -> 37.943563 | X63: 22737 | DW63: 40725 | DX63: 1.1784083e+13 | DY63: =(DX63/DX59-1)*100 -> 4.4112842 | DZ63: 86.95 | EA63: =DY63/DZ63 -> 0.050733573 | EB63: 40725 | EC63: 7.4022916e+12 | ED63: =(EC63/EC59-1)*100 -> 7.2987477 | EE63: =ED63/DZ63 -> 0.083941894 | EF63: 40725 | EG63: 2571467026000 | EH63: =(EG63/EG59-1)*100 -> 36.129103 | EI63: =EH63/DZ63 -> 0.41551585 | EJ63: 22737 | EK63: 4.777 | EL63: =(EK63/EK59-1)*100 -> 1.0577533
A64: 31229 | B64: 10.38591 | C64: =(B64/B60-1)*100 -> 5.2275741 | G64: 40817 | H64: 50.759376 | I64: 40817 | J64: 12095370912605 | K64: =J64/H64 -> 2.3828841e+11 | L64: =(K64/K60-1)*100 -> -5.5177535 | O64: 40817 | P64: 7.5687557e+12 | Q64: =P64/H64 -> 1.491105e+11 | R64: =(Q64/Q60-1)*100 -> -6.9903187 | S64: 40817 | T64: 2203750985000 | U64: =T64/H64 -> 4.3415644e+10 | V64: =(U64/U60-1)*100 -> -21.528401 | X64: 22828 | DW64: 40817 | DX64: 12095370912605 | DY64: =(DX64/DX60-1)*100 -> 7.0676137 | DZ64: 86.95 | EA64: =DY64/DZ64 -> 0.081283653 | EB64: 40817 | EC64: 7.5687557e+12 | ED64: =(EC64/EC60-1)*100 -> 5.3988976 | EE64: =ED64/DZ64 -> 0.062091979 | EF64: 40817 | EG64: 2203750985000 | EH64: =(EG64/EG60-1)*100 -> -11.075709 | EI64: =EH64/DZ64 -> -0.12738021 | EJ64: 22828 | EK64: 4.482 | EL64: =(EK64/EK60-1)*100 -> 0.65124635
A65: 31321 | B65: 10.57044 | C65: =(B65/B61-1)*100 -> 6.1958958 | G65: 40909 | H65: 50.209145 | I65: 40909 | J65: 1.2589039e+13 | K65: =J65/H65 -> 2.50732e+11 | L65: =(K65/K61-1)*100 -> -1.8827039 | O65: 40909 | P65: 7.7457336e+12 | Q65: =P65/H65 -> 1.5426938e+11 | R65: =(Q65/Q61-1)*100 -> -1.291802 | S65: 40909 | T65: 2866880531000 | U65: =T65/H65 -> 5.7098772e+10 | V65: =(U65/U61-1)*100 -> 4.9151467 | X65: 22920 | DW65: 40909 | DX65: 1.2589039e+13 | DY65: =(DX65/DX61-1)*100 -> 8.9527555 | DZ65: 86.95 | EA65: =DY65/DZ65 -> 0.10296441 | EB65: 40909 | EC65: 7.7457336e+12 | ED65: =(EC65/EC61-1)*100 -> 9.608913 | EE65: =ED65/DZ65 -> 0.11051079 | EF65: 40909 | EG65: 2866880531000 | EH65: =(EG65/EG61-1)*100 -> 16.501318 | EI65: =EH65/DZ65 -> 0.18977939 | EJ65: 22920 | EK65: 3.133 | EL65: =(EK65/EK61-1)*100 -> -31.474191
... A111: 35521 | B111: 29.32483 | C111: =(B111/B107-1)*100 -> 7.7157229 | G111: 45108 | H111: 82.671175 | I111: 45108 | J111: 2.4226269e+13 | K111: =J111/H111 -> 2.9304372e+11 | L111: =(K111/K107-1)*100 -> -0.36308824 | O111: 45108 | P111: 1.4916401e+13 | Q111: =P111/H111 -> 1.8043049e+11 | R111: =(Q111/Q107-1)*100 -> 6.3946629 | S111: 45108 | T111: 3735131772000 | U111: =T111/H111 -> 4.5180582e+10 | V111: =(U111/U107-1)*100 -> 8.4613833 | X111: 27120 | DW111: 45108 | DX111: 2.4226269e+13 | DY111: =(DX111/DX107-1)*100 -> 3.2107009 | DZ111: 86.95 | EA111: =DY111/DZ111 -> 0.03692583 | EB111: 45108 | EC111: 1.4916401e+13 | ED111: =(EC111/EC107-1)*100 -> 10.21084 | EE111: =ED111/DZ111 -> 0.11743347 | EF111: 45108 | EG111: 3735131772000 | EH111: =(EG111/EG107-1)*100 -> 12.35169 | EI111: =EH111/DZ111 -> 0.14205509 | EJ111: 27120 | EK111: -2.714 | EL111: =(EK111/EK107-1)*100 -> -210.59495
A112: 35612 | B112: 29.79469 | C112: =(B112/B108-1)*100 -> 5.0682236 | G112: 45200 | H112: 83.265786 | X112: 27211 | EJ112: 27211 | EK112: -6.972 | EL112: =(EK112/EK108-1)*100 -> -208.31133
A113: 35704 | B113: 30.48566 | C113: =(B113/B109-1)*100 -> 5.5502256 | G113: 45292 | H113: 83.043332 | X113: 27303 | EJ113: 27303 | EK113: 0.033 | EL113: =(EK113/EK109-1)*100 -> -99.631367
A114: 35796 | B114: 31.67413 | C114: =(B114/B110-1)*100 -> 9.0390052 | G114: 45383 | H114: 83.421531 | X114: 27395 | EJ114: 27395 | EK114: 16.481 | EL114: =(EK114/EK110-1)*100 -> 157.75727
A115: 35886 | B115: 32.3651 | C115: =(B115/B111-1)*100 -> 10.367562 | G115: 45474 | H115: 83.777365 | X115: 27485 | EJ115: 27485 | EK115: 21.582 | EL115: =(EK115/EK111-1)*100 -> -895.21002
A116: 35977 | B116: 34.38274 | C116: =(B116/B112-1)*100 -> 15.398885 | G116: 45566 | H116: 84.460133 | X116: 27576 | EJ116: 27576 | EK116: 12.043 | EL116: =(EK116/EK112-1)*100 -> -272.73379
A117: 36069 | B117: 35.93052 | C117: =(B117/B113-1)*100 -> 17.860397 | X117: 27668 | EJ117: 27668 | EK117: 13.801 | EL117: =(EK117/EK113-1)*100 -> 41721.212
A118: 36161 | B118: 34.52094 | C118: =(B118/B114-1)*100 -> 8.987808 | X118: 27760 | EJ118: 27760 | EK118: 4.65 | EL118: =(EK118/EK114-1)*100 -> -71.785693
A119: 36251 | B119: 34.65913 | C119: =(B119/B115-1)*100 -> 7.0879744 | X119: 27851 | EJ119: 27851 | EK119: -0.496 | EL119: =(EK119/EK115-1)*100 -> -102.29821
A120: 36342 | B120: 35.3501 | C120: =(B120/B116-1)*100 -> 2.8135047 | X120: 27942 | EJ120: 27942 | EK120: -4.073 | EL120: =(EK120/EK116-1)*100 -> -133.82048
A121: 36434 | B121: 36.09635 | C121: =(B121/B117-1)*100 -> 0.46152964 | X121: 28034 | EJ121: 28034 | EK121: -6.603 | EL121: =(EK121/EK117-1)*100 -> -147.84436
A122: 36526 | B122: 35.79232 | C122: =(B122/B118-1)*100 -> 3.682924 | X122: 28126 | EJ122: 28126 | EK122: -21.079 | EL122: =(EK122/EK118-1)*100 -> -553.31183
A123: 36617 | B123: 36.48329 | C123: =(B123/B119-1)*100 -> 5.2631442 | X123: 28216 | EJ123: 28216 | EK123: -21.136 | EL123: =(EK123/EK119-1)*100 -> 4161.2903
A124: 36708 | B124: 36.81496 | C124: =(B124/B120-1)*100 -> 4.1438638 | X124: 28307 | EJ124: 28307 | EK124: -20.579 | EL124: =(EK124/EK120-1)*100 -> 405.25411
A125: 36800 | B125: 37.17426 | C125: =(B125/B121-1)*100 -> 2.9862022 | X125: 28399 | EJ125: 28399 | EK125: -29.582 | EL125: =(EK125/EK121-1)*100 -> 348.00848
A126: 36892 | B126: 36.8426 | C126: =(B126/B122-1)*100 -> 2.9343725 | X126: 28491 | EJ126: 28491 | EK126: -38.681 | EL126: =(EK126/EK122-1)*100 -> 83.50491
A127: 36982 | B127: 37.47829 | C127: =(B127/B123-1)*100 -> 2.727276 | X127: 28581 | EJ127: 28581 | EK127: -22.624 | EL127: =(EK127/EK123-1)*100 -> 7.0401211
A128: 37073 | B128: 38.52857 | C128: =(B128/B124-1)*100 -> 4.6546567 | X128: 28672 | EJ128: 28672 | EK128: -23.76 | EL128: =(EK128/EK124-1)*100 -> 15.457505
... A198: 43466 | B198: 117.6921 | C198: =(B198/B194-1)*100 -> 7.07663 | X198: 35065 | EJ198: 35065 | EK198: -88.795 | EL198: =(EK198/EK194-1)*100 -> -15.697481
A199: 43556 | B199: 120.1148 | C199: =(B199/B195-1)*100 -> 8.5253752 | X199: 35156 | Y199: 7.7020007e+11 | Z199: 7.5616233e+11 | AA199: =Y199-Z199 -> 1.4037742e+10 | AB199: =AA199/H2 -> 4.0321328e+08 | EJ199: 35156 | EK199: -93.709 | EL199: =(EK199/EK195-1)*100 -> -14.414752
A200: 43647 | B200: 122.5375 | C200: =(B200/B196-1)*100 -> 6.4230311 | X200: 35247 | Y200: 9.1776068e+11 | Z200: 1.0799862e+12 | AA200: =Y200-Z200 -> -1.6222551e+11 | AB200: =AA200/H3 -> -4.536008e+09 | EJ200: 35247 | EK200: -114.18 | EL200: =(EK200/EK196-1)*100 -> 53.377035
A201: 43739 | B201: 125.3427 | C201: =(B201/B197-1)*100 -> 8.6187757 | X201: 35339 | Y201: 9.084626e+11 | Z201: 8.2105785e+11 | AA201: =Y201-Z201 -> 8.740475e+10 | AB201: =AA201/H4 -> 2.4386507e+09 | EJ201: 35339 | EK201: -88.822 | EL201: =(EK201/EK197-1)*100 -> 27.288621
A202: 43831 | B202: 125.4702 | C202: =(B202/B198-1)*100 -> 6.6088548 | X202: 35431 | Y202: 9.4220466e+11 | Z202: 7.9570277e+11 | AA202: =Y202-Z202 -> 1.4650189e+11 | AB202: =AA202/H5 -> 4.0816301e+09 | EJ202: 35431 | EK202: -108.839 | EL202: =(EK202/EK198-1)*100 -> 22.573343
A203: 43922 | B203: 126.3628 | C203: =(B203/B199-1)*100 -> 5.2016904 | X203: 35521 | Y203: 9.1569444e+11 | Z203: 7.9362653e+11 | AA203: =Y203-Z203 -> 1.2206791e+11 | AB203: =AA203/H6 -> 3.4073977e+09 | AC203: =(AB203/AB199-1)*100 -> 745.06088 | EJ203: 35521 | EK203: -85.201 | EL203: =(EK203/EK199-1)*100 -> -9.0791706
A204: 44013 | B204: 129.3146 | C204: =(B204/B200-1)*100 -> 5.5306335 | X204: 35612 | Y204: 9.014062e+11 | Z204: 8.4817787e+11 | AA204: =Y204-Z204 -> 5.3228336e+10 | AB204: =AA204/H7 -> 1.4754035e+09 | AC204: =(AB204/AB200-1)*100 -> -132.52648 | EJ204: 35612 | EK204: -96.831 | EL204: =(EK204/EK200-1)*100 -> -15.19443
A205: 44105 | B205: 131.5501 | C205: =(B205/B201-1)*100 -> 4.9523427 | X205: 35704 | Y205: 9.9943557e+11 | Z205: 8.4498945e+11 | AA205: =Y205-Z205 -> 1.5444612e+11 | AB205: =AA205/H8 -> 4.102081e+09 | AC205: =(AB205/AB201-1)*100 -> 68.211094 | EJ205: 35704 | EK205: -117.014 | EL205: =(EK205/EK201-1)*100 -> 31.739884
A206: 44197 | B206: 131.036 | C206: =(B206/B202-1)*100 -> 4.4359537 | X206: 35796 | Y206: 1.1892176e+12 | Z206: 8.8572297e+11 | AA206: =Y206-Z206 -> 3.0349463e+11 | AB206: =AA206/H9 -> 7.739972e+09 | AC206: =(AB206/AB202-1)*100 -> 89.629431 | EJ206: 35796 | EK206: -135.215 | EL206: =(EK206/EK202-1)*100 -> 24.23396
A207: 44287 | B207: 133.0926 | C207: =(B207/B203-1)*100 -> 5.3257763 | X207: 35886 | Y207: 1.321184e+12 | Z207: 7.5382108e+11 | AA207: =Y207-Z207 -> 5.6736288e+11 | AB207: =AA207/H10 -> 1.3928291e+10 | AC207: =(AB207/AB203-1)*100 -> 308.76622 | EJ207: 35886 | EK207: -162.331 | EL207: =(EK207/EK203-1)*100 -> 90.527106
A208: 44378 | B208: 135.5532 | C208: =(B208/B204-1)*100 -> 4.8243586 | X208: 35977 | Y208: 1.2245191e+12 | Z208: 1.0367173e+12 | AA208: =Y208-Z208 -> 1.8780182e+11 | AB208: =AA208/H11 -> 4.4125965e+09 | AC208: =(AB208/AB204-1)*100 -> 199.07727 | EJ208: 35977 | EK208: -174.634 | EL208: =(EK208/EK204-1)*100 -> 80.349268
A209: 44470 | B209: 138.0872 | C209: =(B209/B205-1)*100 -> 4.9692855 | X209: 36069 | Y209: 1.1752608e+12 | Z209: 1.0091955e+12 | AA209: =Y209-Z209 -> 1.6606521e+11 | AB209: =AA209/H12 -> 3.9158245e+09 | AC209: =(AB209/AB205-1)*100 -> -4.5405374 | EJ209: 36069 | EK209: -178.663 | EL209: =(EK209/EK205-1)*100 -> 52.685149
A210: 44562 | B210: 138.124 | C210: =(B210/B206-1)*100 -> 5.4092005 | X210: 36161 | Y210: 1.1198037e+12 | Z210: 1.0410448e+12 | AA210: =Y210-Z210 -> 7.8758849e+10 | AB210: =AA210/H13 -> 1.8548774e+09 | AC210: =(AB210/AB206-1)*100 -> -76.035089 | EJ210: 36161 | EK210: -212.559 | EL210: =(EK210/EK206-1)*100 -> 57.200754
A211: 44652 | B211: 141.7231 | C211: =(B211/B207-1)*100 -> 6.4845829 | X211: 36251 | Y211: 1.1427662e+12 | Z211: 1.0758604e+12 | AA211: =Y211-Z211 -> 6.6905866e+10 | AB211: =AA211/H14 -> 1.5604007e+09 | AC211: =(AB211/AB207-1)*100 -> -88.796897 | EJ211: 36251 | EK211: -247.53 | EL211: =(EK211/EK207-1)*100 -> 52.484738
A212: 44743 | B212: 143.743 | C212: =(B212/B208-1)*100 -> 6.0417607 | X212: 36342 | Y212: 1.2333688e+12 | Z212: 1.0702279e+12 | AA212: =Y212-Z212 -> 1.6314094e+11 | AB212: =AA212/H15 -> 3.7567927e+09 | AC212: =(AB212/AB208-1)*100 -> -14.862084 | EJ212: 36342 | EK212: -276.403 | EL212: =(EK212/EK208-1)*100 -> 58.275594
A213: 44835 | B213: 145.9098 | C213: =(B213/B209-1)*100 -> 5.6649711 | X213: 36434 | Y213: 1.3312228e+12 | Z213: 1.1432998e+12 | AA213: =Y213-Z213 -> 1.8792294e+11 | AB213: =AA213/H16 -> 4.3266938e+09 | AC213: =(AB213/AB209-1)*100 -> 10.492537 | EJ213: 36434 | EK213: -301.708 | EL213: =(EK213/EK209-1)*100 -> 68.869884
A214: 44927 | B214: 146.4606 | C214: =(B214/B210-1)*100 -> 6.0355912 | X214: 36526 | Y214: 1.4719219e+12 | Z214: 1.242697e+12 | AA214: =Y214-Z214 -> 2.2922489e+11 | AB214: =AA214/H17 -> 5.2604105e+09 | AC214: =(AB214/AB210-1)*100 -> 183.59883 | EJ214: 36526 | EK214: -356.583 | EL214: =(EK214/EK210-1)*100 -> 67.757187
... A217: 45200 | B217: 152.8876 | C217: =(B217/B213-1)*100 -> 4.7822696 | X217: 36800 | Y217: 1.4101297e+12 | Z217: 1.4031248e+12 | AA217: =Y217-Z217 -> 7.0048505e+09 | AB217: =AA217/H20 -> 1.5028636e+08 | AC217: =(AB217/AB213-1)*100 -> -96.526531 | EJ217: 36800 | EK217: -411.343 | EL217: =(EK217/EK213-1)*100 -> 36.338115
X218: 36892 | Y218: 1.3972059e+12 | Z218: 1.4065795e+12 | AA218: =Y218-Z218 -> -9.3735231e+09 | AB218: =AA218/H21 -> -2.013606e+08 | AC218: =(AB218/AB214-1)*100 -> -103.82785 | EJ218: 36892 | EK218: -402.653 | EL218: =(EK218/EK214-1)*100 -> 12.919853
X219: 36982 | Y219: 1.4098763e+12 | Z219: 1.4190843e+12 | AA219: =Y219-Z219 -> -9.2080339e+09 | AB219: =AA219/H22 -> -1.9639556e+08 | AC219: =(AB219/AB215-1)*100 -> -163.51836 | EJ219: 36982 | EK219: -364.015 | EL219: =(EK219/EK215-1)*100 -> 0.41765402
X220: 37073 | Y220: 1.4102076e+12 | Z220: 1.3498542e+12 | AA220: =Y220-Z220 -> 6.0353456e+10 | AB220: =AA220/H23 -> 1.2763079e+09 | AC220: =(AB220/AB216-1)*100 -> 22.714196 | EJ220: 37073 | EK220: -370.634 | EL220: =(EK220/EK216-1)*100 -> -5.8986917
X221: 37165 | Y221: 1.3560956e+12 | Z221: 1.377023e+12 | AA221: =Y221-Z221 -> -2.0927436e+10 | AB221: =AA221/H24 -> -4.3634215e+08 | AC221: =(AB221/AB217-1)*100 -> -390.34048 | EJ221: 37165 | EK221: -369.688 | EL221: =(EK221/EK217-1)*100 -> -10.126585
X222: 37257 | Y222: 1.3879274e+12 | Z222: 1.4396233e+12 | AA222: =Y222-Z222 -> -5.1695956e+10 | AB222: =AA222/H25 -> -1.0642188e+09 | AC222: =(AB222/AB218-1)*100 -> 428.51392 | EJ222: 37257 | EK222: -386.884 | EL222: =(EK222/EK218-1)*100 -> -3.9162753
X223: 37347 | Y223: 1.4233848e+12 | Z223: 1.6477545e+12 | AA223: =Y223-Z223 -> -2.2436973e+11 | AB223: =AA223/H26 -> -4.5836161e+09 | AC223: =(AB223/AB219-1)*100 -> 2233.8696 | EJ223: 37347 | EK223: -428.259 | EL223: =(EK223/EK219-1)*100 -> 17.648723
X224: 37438 | Y224: 1.5076717e+12 | Z224: 1.7036853e+12 | AA224: =Y224-Z224 -> -1.9601364e+11 | AB224: =AA224/H27 -> -4.0340647e+09 | AC224: =(AB224/AB220-1)*100 -> -416.07301 | EJ224: 37438 | EK224: -447.548 | EL224: =(EK224/EK220-1)*100 -> 20.752009
X225: 37530 | Y225: 1.5798341e+12 | Z225: 1.6999304e+12 | AA225: =Y225-Z225 -> -1.2009632e+11 | AB225: =AA225/H28 -> -2.4892812e+09 | AC225: =(AB225/AB221-1)*100 -> 470.48837 | EJ225: 37530 | EK225: -496.289 | EL225: =(EK225/EK221-1)*100 -> 34.245364
X226: 37622 | Y226: 1.7372386e+12 | Z226: 1.7119352e+12 | AA226: =Y226-Z226 -> 2.5303345e+10 | AB226: =AA226/H29 -> 5.2977037e+08 | AC226: =(AB226/AB222-1)*100 -> -149.78021 | EJ226: 37622 | EK226: -525.262 | EL226: =(EK226/EK222-1)*100 -> 35.76731
X227: 37712 | Y227: 1.6767329e+12 | Z227: 1.6757932e+12 | AA227: =Y227-Z227 -> 9.3965557e+08 | AB227: =AA227/H30 -> 19975068 | AC227: =(AB227/AB223-1)*100 -> -100.43579 | EJ227: 37712 | EK227: -519.87 | EL227: =(EK227/EK223-1)*100 -> 21.391494
X228: 37803 | Y228: 1.6988572e+12 | Z228: 1.8053454e+12 | AA228: =Y228-Z228 -> -1.0648813e+11 | AB228: =AA228/H31 -> -2.315622e+09 | AC228: =(AB228/AB224-1)*100 -> -42.598292 | EJ228: 37803 | EK228: -518.994 | EL228: =(EK228/EK224-1)*100 -> 15.963874
X229: 37895 | Y229: 1.7742359e+12 | Z229: 1.9039391e+12 | AA229: =Y229-Z229 -> -1.2970319e+11 | AB229: =AA229/H32 -> -2.8542257e+09 | AC229: =(AB229/AB225-1)*100 -> 14.660638 | EJ229: 37895 | EK229: -523.694 | EL229: =(EK229/EK225-1)*100 -> 5.5219842
... X308: 45108 | Y308: 12538596970000 | Z308: 9.653869e+12 | AA308: =Y308-Z308 -> 2.884728e+12 | AB308: =AA308/H111 -> 3.4894e+10 | AC308: =(AB308/AB304-1)*100 -> 87.153367 | EJ308: 45108 | EK308: -781.091 | EL308: =(EK308/EK304-1)*100 -> -11.830495
X309: 45200 | EJ309: 45200 | EK309: -791.152 | EL309: =(EK309/EK305-1)*100 -> -6.9982426
X310: 45292 | EJ310: 45292 | EK310: -841.569 | EL310: =(EK310/EK306-1)*100 -> 3.4315822
X311: 45383 | EJ311: 45383 | EK311: -906.87 | EL311: =(EK311/EK307-1)*100 -> 12.867916
X312: 45474 | EJ312: 45474 | EK312: -943.684 | EL312: =(EK312/EK308-1)*100 -> 20.816141
X313: 45566 | EJ313: 45566 | EK313: -931.059 | EL313: =(EK313/EK309-1)*100 -> 17.68396

Sheet india_clean
A1: Date | B1: headline_cpi_yy | C1: core_cpi_yy | D1: cons_yy | E1: gfcf_yy | F1: g_yy | G1: exports_yy
A2: 25934 | B2: =India!$C6 -> 3.5322639 | C2: #N/A | D2: #N/A | E2: #N/A | F2: #N/A | G2: #N/A
A3: 26024 | B3: =India!$C7 -> 1.1040862 | C3: #N/A | D3: #N/A | E3: #N/A | F3: #N/A | G3: #N/A
A4: 26115 | B4: =India!$C8 -> 3.3963585 | C4: #N/A | D4: #N/A | E4: #N/A | F4: #N/A | G4: #N/A
A5: 26207 | B5: =India!$C9 -> 4.2610431 | C5: #N/A | D5: #N/A | E5: #N/A | F5: #N/A | G5: #N/A
A6: 26299 | B6: =India!$C10 -> 5.2156818 | C6: #N/A | D6: #N/A | E6: #N/A | F6: #N/A | G6: #N/A
A7: 26390 | B7: =India!$C11 -> 6.6302743 | C7: #N/A | D7: #N/A | E7: #N/A | F7: #N/A | G7: #N/A
A8: 26481 | B8: =India!$C12 -> 6.9055627 | C8: #N/A | D8: #N/A | E8: #N/A | F8: #N/A | G8: #N/A
A9: 26573 | B9: =India!$C13 -> 6.958761 | C9: #N/A | D9: #N/A | E9: #N/A | F9: #N/A | G9: #N/A
A10: 26665 | B10: =India!$C14 -> 10.026111 | C10: #N/A | D10: #N/A | E10: #N/A | F10: #N/A | G10: #N/A
A11: 26755 | B11: =India!$C15 -> 15.21581 | C11: #N/A | D11: #N/A | E11: #N/A | F11: #N/A | G11: #N/A
A12: 26846 | B12: =India!$C16 -> 19.029337 | C12: #N/A | D12: #N/A | E12: #N/A | F12: #N/A | G12: #N/A
A13: 26938 | B13: =India!$C17 -> 22.891545 | C13: #N/A | D13: #N/A | E13: #N/A | F13: #N/A | G13: #N/A
... A106: 35431 | B106: =India!$C110 -> 10.631601 | C106: #N/A | D106: #N/A | E106: #N/A | F106: #N/A | G106: #N/A
A107: 35521 | B107: =India!$C111 -> 7.7157229 | C107: #N/A | D107: =India!$L6 -> -0.4734313 | E107: =India!$R6 -> 4.496281 | F107: =India!$V6 -> -2.733033 | G107: 745.06088
A108: 35612 | B108: =India!$C112 -> 5.0682236 | C108: #N/A | D108: =India!$L7 -> 2.7986978 | E108: =India!$R7 -> 4.7695214 | F108: =India!$V7 -> 9.3981372 | G108: -132.52648
A109: 35704 | B109: =India!$C113 -> 5.5502256 | C109: #N/A | D109: =India!$L8 -> -2.0697181 | E109: =India!$R8 -> 1.6297029 | F109: =India!$V8 -> 7.5465838 | G109: 68.211094
A110: 35796 | B110: =India!$C114 -> 9.0390052 | C110: #N/A | D110: =India!$L9 -> -5.7419306 | E110: =India!$R9 -> -4.637577 | F110: =India!$V9 -> 10.464426 | G110: 89.629431
A111: 35886 | B111: =India!$C115 -> 10.367562 | C111: #N/A | D111: =India!$L10 -> -3.127683 | E111: =India!$R10 -> -6.2061236 | F111: =India!$V10 -> 20.250606 | G111: 308.76622
A112: 35977 | B112: =India!$C116 -> 15.398885 | C112: #N/A | D112: =India!$L11 -> -7.3186563 | E112: =India!$R11 -> -8.8493356 | F112: =India!$V11 -> 2.1916218 | G112: 199.07727
A113: 36069 | B113: =India!$C117 -> 17.860397 | C113: #N/A | D113: =India!$L12 -> -13.867119 | E113: =India!$R12 -> -5.0143417 | F113: =India!$V12 -> -7.8776837 | G113: -4.5405374
A114: 36161 | B114: =India!$C118 -> 8.987808 | C114: #N/A | D114: =India!$L13 -> 1.1294285 | E114: =India!$R13 -> 0.084311647 | F114: =India!$V13 -> -13.134584 | G114: -76.035089
A115: 36251 | B115: =India!$C119 -> 7.0879744 | C115: #N/A | D115: =India!$L14 -> -2.4878099 | E115: =India!$R14 -> 6.2712103 | F115: =India!$V14 -> -2.6734824 | G115: -88.796897
A116: 36342 | B116: =India!$C120 -> 2.8135047 | C116: #N/A | D116: =India!$L15 -> 0.15340732 | E116: =India!$R15 -> 9.7568473 | F116: =India!$V15 -> 11.843824 | G116: -14.862084
A117: 36434 | B117: =India!$C121 -> 0.46152964 | C117: #N/A | D117: =India!$L16 -> 14.670864 | E117: =India!$R16 -> 7.1185991 | F117: =India!$V16 -> 23.16873 | G117: 10.492537
A118: 36526 | B118: =India!$C122 -> 3.682924 | C118: #N/A | D118: =India!$L17 -> 0.70296101 | E118: =India!$R17 -> 8.479938 | F118: =India!$V17 -> 9.2578645 | G118: 183.59883
... A165: 40817 | B165: =India!$C169 -> 8.3941652 | C165: #N/A | D165: =India!$L64 -> -5.5177535 | E165: =India!$R64 -> -6.9903187 | F165: =India!$V64 -> -21.528401 | G165: 129.49232
A166: 40909 | B166: =India!$C170 -> 7.1684667 | C166: =India!$F6 -> 10.163064 | D166: =India!$L65 -> -1.8827039 | E166: =India!$R65 -> -1.291802 | F166: =India!$V65 -> 4.9151467 | G166: 165.63688
A167: 41000 | B167: =India!$C171 -> 10.142348 | C167: =India!$F7 -> 9.5431098 | D167: =India!$L66 -> -17.79866 | E167: =India!$R66 -> -10.812546 | F167: =India!$V66 -> -7.2603686 | G167: -11.300632
A168: 41091 | B168: =India!$C172 -> 9.7602733 | C168: =India!$F8 -> 9.009009 | D168: =India!$L67 -> -9.4734709 | E168: =India!$R67 -> -12.198141 | F168: =India!$V67 -> -7.5774865 | G168: -42.893786
A169: 41183 | B169: =India!$C173 -> 10.101007 | C169: =India!$F9 -> 8.8927944 | D169: =India!$L68 -> 2.0277884 | E169: =India!$R68 -> -3.1751736 | F169: =India!$V68 -> -19.34958 | G169: 21.873552
A170: 41275 | B170: =India!$C174 -> 11.705678 | C170: =India!$F10 -> 8.5714286 | D170: =India!$L69 -> -2.600112 | E170: =India!$R69 -> -4.4020032 | F170: =India!$V69 -> -12.803896 | G170: -6.7995338
A171: 41365 | B171: =India!$C175 -> 10.662367 | C171: =India!$F11 -> 7.2990246 | D171: =India!$L70 -> 4.004798 | E171: =India!$R70 -> -1.9045325 | F171: =India!$V70 -> 14.817981 | G171: -32.442397
A172: 41456 | B172: =India!$C176 -> 10.764437 | C172: =India!$F12 -> 7.7024793 | D172: =India!$L71 -> -5.8245335 | E172: =India!$R71 -> -10.168446 | F172: =India!$V71 -> -13.377367 | G172: -65.411691
A173: 41548 | B173: =India!$C177 -> 10.550452 | C173: =India!$F13 -> 6.9722402 | D173: =India!$L72 -> -5.9786193 | E173: =India!$R72 -> -10.138465 | F173: =India!$V72 -> -9.9843113 | G173: -94.155757
A174: 41640 | B174: =India!$C178 -> 6.8862316 | C174: =India!$F14 -> 6.7850349 | D174: =India!$L73 -> -5.5957641 | E174: =India!$R73 -> -11.868391 | F174: =India!$V73 -> -24.30202 | G174: -80.170616
A175: 41730 | B175: =India!$C179 -> 6.8613171 | C175: =India!$F15 -> 6.8025078 | D175: =India!$L74 -> 0.077740567 | E175: =India!$R74 -> -4.5292328 | F175: =India!$V74 -> -4.3226937 | G175: -76.090507
A176: 41821 | B176: =India!$C180 -> 6.760555 | C176: =India!$F16 -> 5.801105 | D176: =India!$L75 -> 10.794151 | E176: =India!$R75 -> 6.9029977 | F176: =India!$V75 -> 12.850394 | G176: 57.217846
A177: 41913 | B177: =India!$C181 -> 4.9792499 | C177: =India!$F17 -> 4.6771273 | D177: =India!$L76 -> 3.4605898 | E177: =India!$R76 -> 0.90327857 | F177: =India!$V76 -> 29.024792 | G177: 201.22395
... A212: 45108 | B212: =India!$C216 -> 6.3873023 | C212: =India!$F52 -> 4.7239502 | D212: =India!$L111 -> -0.36308824 | E212: =India!$R111 -> 6.3946629 | F212: =India!$V111 -> 8.4613833 | G212: 87.153367
A213: 45200 | B213: =India!$C217 -> 4.7822696 | C213: =India!$F53 -> 4.0405975 | D213: #N/A | E213: #N/A | F213: #N/A | G213: #N/A
A214: 45292 | B214: #N/A | C214: #N/A | D214: #N/A | E214: #N/A | F214: #N/A | G214: #N/A
A215: 45383 | B215: #N/A | C215: #N/A | D215: #N/A | E215: #N/A | F215: #N/A | G215: #N/A
A216: 45474 | B216: #N/A | C216: #N/A | D216: #N/A | E216: #N/A | F216: #N/A | G216: #N/A
A217: 45566 | B217: #N/A | C217: #N/A | D217: #N/A | E217: #N/A | F217: #N/A | G217: #N/A

Sheet Brazil
A1: Year | B1: headline_cpi_quarterly | C1: headline_cpi_yy | D1: Year | E1: core_cpi_quarterly | F1: core_cpi_yy | H1: observation_date | I1: ex_rate_quarterly_avg | J1: Year | K1: cons_quarterly(current prices) | L1: gdp deflator | M1: cons_quarterly(constant prices) | N1: cons_quarterly($) | O1: cons_yy | Q1: Year | R1: GFCF_quarterly(constant prices) | S1: gfcf_quarterly($) | T1: gfcf_yy | U1: Year | V1: g_quarterly (constant prices) | W1: g_quarterly($) | X1: g_yy | Z1: Year | AA1: imports_quarterly | AB1: exports_quarterly | AC1: netx_quarterly | AD1: netx_quarterly ($) | AE1: netx_yy
A2: 33695 | B2: 0.07353174 | C2: N/A | D2: 34700 | E2: 1885260.9 | F2: N/A | H2: 35065 | I2: 0.98009176 | J2: 35065 | K2: 1.2994117e+11 | L2: 22.618803 | M2: =(K2/L2)*100 -> 5.7448299e+11 | N2: =M2/I2 -> 5.8615225e+11 | O2: N/A | Q2: 35065 | R2: 34673475900 | S2: =R2/I2 -> 3.5377785e+10 | T2: N/A | U2: 35065 | V2: 36624150540 | W2: =V2/I2 -> 3.7368083e+10 | X2: N/A | Z2: 17168
A3: 33786 | B3: 0.1502193 | C3: N/A | D3: 34790 | E3: 2031193.9 | F3: N/A | H3: 35156 | I3: 0.99517552 | J3: 35156 | K3: 1.3417246e+11 | L3: 23.268626 | M3: =(K3/L3)*100 -> 5.7662391e+11 | N3: =M3/I3 -> 5.794193e+11 | O3: N/A | Q3: 35156 | R3: 35344872620 | S3: =R3/I3 -> 3.551622e+10 | T3: N/A | U3: 35156 | V3: 37213622140 | W3: =V3/I3 -> 3.7394029e+10 | X3: N/A | Z3: 17258
A4: 33878 | B4: 0.312971 | C4: N/A | D4: 34881 | E4: 2176146.2 | F4: N/A | H4: 35247 | I4: 1.012564 | J4: 35247 | K4: 1.4078778e+11 | L4: 23.597846 | M4: =(K4/L4)*100 -> 5.9661285e+11 | N4: =M4/I4 -> 5.8921002e+11 | O4: N/A | Q4: 35247 | R4: 36668150530 | S4: =R4/I4 -> 3.6213169e+10 | T4: N/A | U4: 35247 | V4: 38505969840 | W4: =V4/I4 -> 3.8028184e+10 | X4: N/A | Z4: 17349
A5: 33970 | B5: 0.7133014 | C5: N/A | D5: 34973 | E5: 2287866.6 | F5: N/A | H5: 35339 | I5: 1.0303305 | J5: 35339 | K5: 1.5203958e+11 | L5: 25.029142 | M5: =(K5/L5)*100 -> 6.0745024e+11 | N5: =M5/I5 -> 5.8956832e+11 | O5: N/A | Q5: 35339 | R5: 38230652190 | S5: =R5/I5 -> 3.710523e+10 | T5: N/A | U5: 35339 | V5: 32711751630 | W5: =V5/I5 -> 3.1748793e+10 | X5: N/A | Z5: 17441
A6: 34060 | B6: 1.755453 | C6: =(B6/B2-1)*100 -> 2287.3405 | D6: 35065 | E6: 2380679.4 | F6: N/A | H6: 35431 | I6: 1.0491958 | J6: 35431 | K6: 1.5225163e+11 | L6: 24.944879 | M6: =(K6/L6)*100 -> 6.1035226e+11 | N6: =M6/I6 -> 5.817334e+11 | O6: =(N6/N2-1)*100 -> -0.75387332 | Q6: 35431 | R6: 38556303460 | S6: =R6/I6 -> 3.6748434e+10 | T6: =(S6/S2-1)*100 -> 3.8743189 | U6: 35431 | V6: 37055431590 | W6: =V6/I6 -> 3.5317936e+10 | X6: =(W6/W2-1)*100 -> -5.4863587 | Z6: 17533
A7: 34151 | B7: 4.814175 | C7: =(B7/B3-1)*100 -> 3104.7646 | D7: 35156 | E7: 2442714.2 | F7: =(E7/E2-1)*100 -> 29.569031 | H7: 35521 | I7: 1.0675217 | J7: 35521 | K7: 1.5607186e+11 | L7: 25.214656 | M7: =(K7/L7)*100 -> 6.1897279e+11 | N7: =M7/I7 -> 5.7982218e+11 | O7: =(N7/N3-1)*100 -> 0.069531951 | Q7: 35521 | R7: 39099687570 | S7: =R7/I7 -> 3.6626596e+10 | T7: =(S7/S3-1)*100 -> 3.1263915 | U7: 35521 | V7: 36906115790 | W7: =V7/I7 -> 3.457177e+10 | X7: =(W7/W3-1)*100 -> -7.5473526 | Z7: 17624
A8: 34243 | B8: 14.24949 | C8: =(B8/B4-1)*100 -> 4452.9746 | D8: 35247 | E8: 2512318.1 | F8: =(E8/E3-1)*100 -> 23.68677 | H8: 35612 | I8: 1.0869699 | J8: 35612 | K8: 1.558749e+11 | L8: 25.742644 | M8: =(K8/L8)*100 -> 6.055124e+11 | N8: =M8/I8 -> 5.5706454e+11 | O8: =(N8/N4-1)*100 -> -5.4556909 | Q8: 35612 | R8: 39864202740 | S8: =R8/I8 -> 3.6674615e+10 | T8: =(S8/S4-1)*100 -> 1.2742495 | U8: 35612 | V8: 36327022610 | W8: =V8/I8 -> 3.3420449e+10 | X8: =(W8/W4-1)*100 -> -12.116632 | Z8: 17715
A9: 34335 | B9: 21.62461 | C9: =(B9/B5-1)*100 -> 2931.6231 | D9: 35339 | E9: 2556628.4 | F9: =(E9/E4-1)*100 -> 17.48422 | H9: 35704 | I9: 1.1065829 | J9: 35704 | K9: 1.5760861e+11 | L9: 25.629991 | M9: =(K9/L9)*100 -> 6.1493821e+11 | N9: =M9/I9 -> 5.557091e+11 | O9: =(N9/N5-1)*100 -> -5.7430514 | Q9: 35704 | R9: 39603386290 | S9: =R9/I9 -> 3.57889e+10 | T9: =(S9/S5-1)*100 -> -3.5475589 | U9: 35704 | V9: 36587191240 | W9: =V9/I9 -> 3.3063217e+10 | X9: =(W9/W5-1)*100 -> 4.1400732 | Z9: 17807
A10: 34425 | B10: 23.10756 | C10: =(B10/B6-1)*100 -> 1216.3303 | D10: 35431 | E10: 2595399.9 | F10: =(E10/E5-1)*100 -> 13.441928 | H10: 35796 | I10: 1.1258539 | J10: 35796 | K10: 1.6110327e+11 | L10: 26.481394 | M10: =(K10/L10)*100 -> 6.08364e+11 | N10: =M10/I10 -> 5.4035786e+11 | O10: =(N10/N6-1)*100 -> -7.1124573 | Q10: 35796 | R10: 39818689110 | S10: =R10/I10 -> 3.5367546e+10 | T10: =(S10/S6-1)*100 -> -3.7576785 | U10: 35796 | V10: 37462419580 | W10: =V10/I10 -> 3.3274672e+10 | X10: =(W10/W6-1)*100 -> -5.7853434 | Z10: 17899
A11: 34516 | B11: 24.27226 | C11: =(B11/B7-1)*100 -> 404.18317 | D11: 35521 | E11: 2642805.4 | F11: =(E11/E6-1)*100 -> 11.010554 | H11: 35886 | I11: 1.1467777 | J11: 35886 | K11: 1.6087726e+11 | L11: 26.787543 | M11: =(K11/L11)*100 -> 6.0056744e+11 | N11: =M11/I11 -> 5.2369994e+11 | O11: =(N11/N7-1)*100 -> -9.6792159 | Q11: 35886 | R11: 39966912450 | S11: =R11/I11 -> 3.4851489e+10 | T11: =(S11/S7-1)*100 -> -4.8464962 | U11: 35886 | V11: 37712684930 | W11: =V11/I11 -> 3.2885784e+10 | X11: =(W11/W7-1)*100 -> -4.8767707 | Z11: 17989
A12: 34608 | B12: 25.84554 | C12: =(B12/B8-1)*100 -> 81.378702 | D12: 35612 | E12: 2673168.1 | F12: =(E12/E7-1)*100 -> 9.4343346 | H12: 35977 | I12: 1.169829 | J12: 35977 | K12: 1.6215663e+11 | L12: 26.892205 | M12: =(K12/L12)*100 -> 6.0298749e+11 | N12: =M12/I12 -> 5.1544925e+11 | O12: =(N12/N8-1)*100 -> -7.4704617 | Q12: 35977 | R12: 39449630480 | S12: =R12/I12 -> 3.3722561e+10 | T12: =(S12/S8-1)*100 -> -8.0493108 | U12: 35977 | V12: 38367487230 | W12: =V12/I12 -> 3.2797517e+10 | X12: =(W12/W8-1)*100 -> -1.8639248 | Z12: 18080
A13: 34700 | B13: 27.35299 | C13: =(B13/B9-1)*100 -> 26.490096 | D13: 35704 | E13: 2697230.9 | F13: =(E13/E8-1)*100 -> 7.3602435 | H13: 36069 | I13: 1.193967 | J13: 36069 | K13: 1.5879384e+11 | L13: 26.36305 | M13: =(K13/L13)*100 -> 6.0233485e+11 | N13: =M13/I13 -> 5.0448198e+11 | O13: =(N13/N9-1)*100 -> -9.2183351 | Q13: 36069 | R13: 37671459410 | S13: =R13/I13 -> 3.1551507e+10 | T13: =(S13/S9-1)*100 -> -11.839964 | U13: 36069 | V13: 38084500640 | W13: =V13/I13 -> 3.1897448e+10 | X13: =(W13/W9-1)*100 -> -3.5258793 | Z13: 18172
A14: 34790 | B14: 28.43479 | C14: =(B14/B10-1)*100 -> 23.054057 | D14: 35796 | E14: 2717759.4 | F14: =(E14/E9-1)*100 -> 6.3024803 | H14: 36161 | I14: 1.768694 | J14: 36161 | K14: 1.6889396e+11 | L14: 27.890225 | M14: =(K14/L14)*100 -> 6.0556685e+11 | N14: =M14/I14 -> 3.4238079e+11 | O14: =(N14/N10-1)*100 -> -36.638141 | Q14: 36161 | R14: 36330245470 | S14: =R14/I14 -> 2.0540718e+10 | T14: =(S14/S10-1)*100 -> -41.922127 | U14: 36161 | V14: 37651523140 | W14: =V14/I14 -> 2.1287754e+10 | X14: =(W14/W10-1)*100 -> -36.024152 | Z14: 18264
A15: 34881 | B15: 29.48983 | C15: =(B15/B11-1)*100 -> 21.496021 | D15: 35886 | E15: 2721504.5 | F15: =(E15/E10-1)*100 -> 4.8587721 | H15: 36251 | I15: 1.7129505 | J15: 36251 | K15: 1.7228025e+11 | L15: 28.678918 | M15: =(K15/L15)*100 -> 6.0072088e+11 | N15: =M15/I15 -> 3.5069365e+11 | O15: =(N15/N11-1)*100 -> -33.035384 | Q15: 36251 | R15: 35890347780 | S15: =R15/I15 -> 2.0952355e+10 | T15: =(S15/S11-1)*100 -> -39.881034 | U15: 36251 | V15: 38074008110 | W15: =V15/I15 -> 2.222715e+10 | X15: =(W15/W11-1)*100 -> -32.411069 | Z15: 18354
A16: 34973 | B16: 30.39784 | C16: =(B16/B12-1)*100 -> 17.613484 | D16: 35977 | E16: 2721990.5 | F16: =(E16/E11-1)*100 -> 2.9962491 | H16: 36342 | I16: 1.8586364 | J16: 36342 | K16: 1.7778311e+11 | L16: 28.781949 | M16: =(K16/L16)*100 -> 6.1768961e+11 | N16: =M16/I16 -> 3.3233484e+11 | O16: =(N16/N12-1)*100 -> -35.525207 | Q16: 36342 | R16: 35048662600 | S16: =R16/I16 -> 1.8857192e+10 | T16: =(S16/S12-1)*100 -> -44.081376 | U16: 36342 | V16: 38865646410 | W16: =V16/I16 -> 2.0910839e+10 | X16: =(W16/W12-1)*100 -> -36.242614 | Z16: 18445
A17: 35065 | B17: 31.2095 | C17: =(B17/B13-1)*100 -> 14.099044 | D17: 36069 | E17: 2733715 | F17: =(E17/E12-1)*100 -> 2.2649867 | H17: 36434 | I17: 1.9151825 | J17: 36434 | K17: 1.8457468e+11 | L17: 29.686241 | M17: =(K17/L17)*100 -> 6.2175161e+11 | N17: =M17/I17 -> 3.2464352e+11 | O17: =(N17/N13-1)*100 -> -35.648143 | Q17: 36434 | R17: 35756866810 | S17: =R17/I17 -> 1.8670213e+10 | T17: =(S17/S13-1)*100 -> -40.826239 | U17: 36434 | V17: 39591032100 | W17: =V17/I17 -> 2.0672198e+10 | X17: =(W17/W13-1)*100 -> -35.191687 | Z17: 18537
A18: 35156 | B18: 31.49665 | C18: =(B18/B14-1)*100 -> 10.768006 | D18: 36161 | E18: 2767225.6 | F18: =(E18/E13-1)*100 -> 2.5950578 | H18: 36526 | I18: 1.7760099 | J18: 36526 | K18: 1.800774e+11 | L18: 29.806481 | M18: =(K18/L18)*100 -> 6.0415521e+11 | N18: =M18/I18 -> 3.4017559e+11 | O18: =(N18/N14-1)*100 -> -0.64407725 | Q18: 36526 | R18: 36017686600 | S18: =R18/I18 -> 2.0280116e+10 | T18: =(S18/S14-1)*100 -> -1.2687087 | U18: 36526 | V18: 38899746130 | W18: =V18/I18 -> 2.1902889e+10 | X18: =(W18/W14-1)*100 -> 2.8896173 | Z18: 18629
... A112: 43739 | B112: 123.5002 | C112: =(B112/B108-1)*100 -> 2.1363415 | D112: 44743 | E112: 11031852 | F112: =(E112/E107-1)*100 -> 11.39654 | H112: 45108 | I112: 4.8807765 | J112: 45108 | K112: 1.7380218e+12 | L112: 166.24778 | M112: =(K112/L112)*100 -> 1.0454406e+12 | N112: =M112/I112 -> 2.1419556e+11 | O112: =(N112/N108-1)*100 -> 12.440297 | Q112: 45108 | R112: 57824853830 | S112: =R112/I112 -> 1.184747e+10 | T112: =(S112/S108-1)*100 -> 0.20017622 | U112: 45108 | V112: 57067240640 | W112: =V112/I112 -> 1.1692246e+10 | X112: =(W112/W108-1)*100 -> 8.2663791 | Z112: 27211
A113: 43831 | B113: 124.4655 | C113: =(B113/B109-1)*100 -> 2.626482 | D113: 44835 | E113: 11214158 | F113: =(E113/E108-1)*100 -> 10.744984 | H113: 45200 | I113: 4.95376 | Z113: 27303
A114: 43922 | B114: 127.4925 | C114: =(B114/B110-1)*100 -> 4.2506513 | D114: 44927 | E114: 11409231 | F114: =(E114/E109-1)*100 -> 9.9502595 | H114: 45292 | I114: 4.952101 | Z114: 27395
A115: 44013 | B115: 130.4809 | C115: =(B115/B111-1)*100 -> 5.2855431 | D115: 45017 | E115: 11594422 | F115: =(E115/E110-1)*100 -> 9.304558 | H115: 45383 | I115: 5.2182275 | Z115: 27485
A116: 44105 | B116: 133.0346 | C116: =(B116/B112-1)*100 -> 7.7201494 | D116: 45108 | E116: 11706125 | F116: =(E116/E111-1)*100 -> 8.0287099 | H116: 45474 | I116: 5.5451094 | Z116: 27576
A117: 44197 | B117: 136.4667 | C117: =(B117/B113-1)*100 -> 9.64219 | D117: 45200 | E117: 11838318 | F117: =(E117/E112-1)*100 -> 7.3103443 | H117: 45566 | I117: 5.8424698 | Z117: 27668
A118: 44287 | B118: 140.8642 | C118: =(B118/B114-1)*100 -> 10.488225 | D118: 45292 | Z118: 27760
A119: 44378 | B119: 144.4992 | C119: =(B119/B115-1)*100 -> 10.743565 | D119: 45383 | Z119: 27851
A120: 44470 | B120: 148.8869 | C120: =(B120/B116-1)*100 -> 11.915923 | D120: 45474 | Z120: 27942
A121: 44562 | B121: 148.2647 | C121: =(B121/B117-1)*100 -> 8.6453325 | D121: 45566 | Z121: 28034
A122: 44652 | B122: 149.3866 | C122: =(B122/B118-1)*100 -> 6.0500823 | Z122: 28126
A123: 44743 | B123: 152.2088 | C123: =(B123/B119-1)*100 -> 5.3353929 | Z123: 28216
A124: 44835 | B124: 154.4831 | C124: =(B124/B120-1)*100 -> 3.758692 | Z124: 28307
A125: 44927 | B125: 155.076 | C125: =(B125/B121-1)*100 -> 4.5940133 | Z125: 28399
A126: 45017 | B126: 156.4192 | C126: =(B126/B122-1)*100 -> 4.7076512 | Z126: 28491
Z127: 28581
Z128: 28672
Z129: 28764
Z130: 28856
Z131: 28946
Z132: 29037
Z133: 29129
Z134: 29221
Z135: 29312
Z136: 29403
Z137: 29495
Z138: 29587
... Z197: 34973
Z198: 35065 | AA198: 15464596480 | AB198: 13184479650 | AC198: =AB198-AA198 -> -2280116830 | AD198: =AC198/I2 -> -2.326432e+09
Z199: 35156 | AA199: 16718870100 | AB199: 12763298750 | AC199: =AB199-AA199 -> -3955571350 | AD199: =AC199/I3 -> -3.9747474e+09
Z200: 35247 | AA200: 17962869830 | AB200: 12701313060 | AC200: =AB200-AA200 -> -5261556770 | AD200: =AC200/I4 -> -5.1962709e+09
Z201: 35339 | AA201: 19909834820 | AB201: 13330201740 | AC201: =AB201-AA201 -> -6579633080 | AD201: =AC201/I5 -> -6.3859439e+09
Z202: 35431 | AA202: 19708812000 | AB202: 13958208830 | AC202: =AB202-AA202 -> -5750603170 | AD202: =AC202/I6 -> -5.4809627e+09 | AE202: =(AD202/AD198-1)*100 -> 135.59522
Z203: 35521 | AA203: 20671177570 | AB203: 14801058570 | AC203: =AB203-AA203 -> -5870119000 | AD203: =AC203/I7 -> -5.4988285e+09 | AE203: =(AD203/AD199-1)*100 -> 38.344099
Z204: 35612 | AA204: 20838567700 | AB204: 15201306950 | AC204: =AB204-AA204 -> -5637260750 | AD204: =AC204/I8 -> -5.186216e+09 | AE204: =(AD204/AD200-1)*100 -> -0.19350163
Z205: 35704 | AA205: 19584482790 | AB205: 14590917000 | AC205: =AB205-AA205 -> -4993565790 | AD205: =AC205/I9 -> -4.5125997e+09 | AE205: =(AD205/AD201-1)*100 -> -29.335432
Z206: 35796 | AA206: 21149812170 | AB206: 15329643230 | AC206: =AB206-AA206 -> -5820168940 | AD206: =AC206/I10 -> -5.1695597e+09 | AE206: =(AD206/AD202-1)*100 -> -5.6815374
Z207: 35886 | AA207: 20160138880 | AB207: 15736087990 | AC207: =AB207-AA207 -> -4424050890 | AD207: =AC207/I11 -> -3.8578102e+09 | AE207: =(AD207/AD203-1)*100 -> -29.843053
Z208: 35977 | AA208: 20443430440 | AB208: 15124967330 | AC208: =AB208-AA208 -> -5318463110 | AD208: =AC208/I12 -> -4.5463594e+09 | AE208: =(AD208/AD204-1)*100 -> -12.33764
Z209: 36069 | AA209: 19266342420 | AB209: 15159117650 | AC209: =AB209-AA209 -> -4107224770 | AD209: =AC209/I13 -> -3.4399817e+09 | AE209: =(AD209/AD205-1)*100 -> -23.769402
Z210: 36161 | AA210: 17181831020 | AB210: 15459495710 | AC210: =AB210-AA210 -> -1722335310 | AD210: =AC210/I14 -> -9.737893e+08 | AE210: =(AD210/AD206-1)*100 -> -81.163013
Z211: 36251 | AA211: 17123971860 | AB211: 15809008420 | AC211: =AB211-AA211 -> -1314963440 | AD211: =AC211/I15 -> -7.676599e+08 | AE211: =(AD211/AD207-1)*100 -> -80.101149
Z212: 36342 | AA212: 16635608520 | AB212: 15554096620 | AC212: =AB212-AA212 -> -1081511900 | AD212: =AC212/I16 -> -5.8188461e+08 | AE212: =(AD212/AD208-1)*100 -> -87.201086
Z213: 36434 | AA213: 17760460780 | AB213: 17996101890 | AC213: =AB213-AA213 -> 235641110 | AD213: =AC213/I17 -> 1.2303846e+08 | AE213: =(AD213/AD209-1)*100 -> -103.57672
... Z308: 45108 | AA308: 43221394640 | AB308: 49425245490 | AC308: =AB308-AA308 -> 6203850850 | AD308: =AC308/I112 -> 1.2710787e+09 | AE308: =(AD308/AD304-1)*100 -> -424.97004
Z309: 45200
Z310: 45292
Z311: 45383
Z312: 45474
Z313: 45566

Sheet brazil_clean
A1: Date | B1: headline_cpi_yy | C1: core_cpi_yy | D1: cons_yy | E1: g_yy | F1: gfcf_yy | G1: exports_yy
A2: 34060 | B2: =Brazil!C6 -> 2287.3405 | C2: #N/A | D2: #N/A | E2: #N/A | F2: #N/A | G2: #N/A
A3: 34151 | B3: =Brazil!C7 -> 3104.7646 | C3: #N/A | D3: #N/A | E3: #N/A | F3: #N/A | G3: #N/A
A4: 34243 | B4: =Brazil!C8 -> 4452.9746 | C4: #N/A | D4: #N/A | E4: #N/A | F4: #N/A | G4: #N/A
A5: 34335 | B5: =Brazil!C9 -> 2931.6231 | C5: #N/A | D5: #N/A | E5: #N/A | F5: #N/A | G5: #N/A
A6: 34425 | B6: =Brazil!C10 -> 1216.3303 | C6: #N/A | D6: #N/A | E6: #N/A | F6: #N/A | G6: #N/A
A7: 34516 | B7: =Brazil!C11 -> 404.18317 | C7: #N/A | D7: #N/A | E7: #N/A | F7: #N/A | G7: #N/A
A8: 34608 | B8: =Brazil!C12 -> 81.378702 | C8: #N/A | D8: #N/A | E8: #N/A | F8: #N/A | G8: #N/A
A9: 34700 | B9: =Brazil!C13 -> 26.490096 | C9: #N/A | D9: #N/A | E9: #N/A | F9: #N/A | G9: #N/A
A10: 34790 | B10: =Brazil!C14 -> 23.054057 | C10: #N/A | D10: #N/A | E10: #N/A | F10: #N/A | G10: #N/A
A11: 34881 | B11: =Brazil!C15 -> 21.496021 | C11: #N/A | D11: #N/A | E11: #N/A | F11: #N/A | G11: #N/A
A12: 34973 | B12: =Brazil!C16 -> 17.613484 | C12: #N/A | D12: #N/A | E12: #N/A | F12: #N/A | G12: #N/A
A13: 35065 | B13: =Brazil!C17 -> 14.099044 | C13: #N/A | D13: #N/A | E13: #N/A | F13: #N/A | G13: #N/A
A14: 35156 | B14: =Brazil!C18 -> 10.768006 | C14: =Brazil!$F7 -> 29.569031 | D14: #N/A | E14: #N/A | F14: #N/A | G14: #N/A
A15: 35247 | B15: =Brazil!C19 -> 9.0665494 | C15: =Brazil!$F8 -> 23.68677 | D15: #N/A | E15: #N/A | F15: #N/A | G15: #N/A
A16: 35339 | B16: =Brazil!C20 -> 7.7666045 | C16: =Brazil!$F9 -> 17.48422 | D16: #N/A | E16: #N/A | F16: #N/A | G16: #N/A
A17: 35431 | B17: =Brazil!C21 -> 5.7234496 | C17: =Brazil!$F10 -> 13.441928 | D17: =Brazil!$O6 -> -0.75387332 | E17: =Brazil!$X6 -> -5.4863587 | F17: =Brazil!$T6 -> 3.8743189 | G17: 135.59522
A18: 35521 | B18: =Brazil!C22 -> 5.3049451 | C18: =Brazil!$F11 -> 11.010554 | D18: =Brazil!$O7 -> 0.069531951 | E18: =Brazil!$X7 -> -7.5473526 | F18: =Brazil!$T7 -> 3.1263915 | G18: 38.344099
A19: 35612 | B19: =Brazil!C23 -> 4.6476538 | C19: =Brazil!$F12 -> 9.4343346 | D19: =Brazil!$O8 -> -5.4556909 | E19: =Brazil!$X8 -> -12.116632 | F19: =Brazil!$T8 -> 1.2742495 | G19: -0.19350163
A20: 35704 | B20: =Brazil!C24 -> 3.7348224 | C20: =Brazil!$F13 -> 7.3602435 | D20: =Brazil!$O9 -> -5.7430514 | E20: =Brazil!$X9 -> 4.1400732 | F20: =Brazil!$T9 -> -3.5475589 | G20: -29.335432
A21: 35796 | B21: =Brazil!C25 -> 2.6251252 | C21: =Brazil!$F14 -> 6.3024803 | D21: =Brazil!$O10 -> -7.1124573 | E21: =Brazil!$X10 -> -5.7853434 | F21: =Brazil!$T10 -> -3.7576785 | G21: -5.6815374
A22: 35886 | B22: =Brazil!C26 -> 1.8203647 | C22: =Brazil!$F15 -> 4.8587721 | D22: =Brazil!$O11 -> -9.6792159 | E22: =Brazil!$X11 -> -4.8767707 | F22: =Brazil!$T11 -> -4.8464962 | G22: -29.843053
A23: 35977 | B23: =Brazil!C27 -> 2.3032296 | C23: =Brazil!$F16 -> 2.9962491 | D23: =Brazil!$O12 -> -7.4704617 | E23: =Brazil!$X12 -> -1.8639248 | F23: =Brazil!$T12 -> -8.0493108 | G23: -12.33764
A24: 36069 | B24: =Brazil!C28 -> 3.2671811 | C24: =Brazil!$F17 -> 2.2649867 | D24: =Brazil!$O13 -> -9.2183351 | E24: =Brazil!$X13 -> -3.5258793 | F24: =Brazil!$T13 -> -11.839964 | G24: -23.769402
A25: 36161 | B25: =Brazil!C29 -> 5.5014568 | C25: =Brazil!$F18 -> 2.5950578 | D25: =Brazil!$O14 -> -36.638141 | E25: =Brazil!$X14 -> -36.024152 | F25: =Brazil!$T14 -> -41.922127 | G25: -81.163013
A26: 36251 | B26: =Brazil!C30 -> 8.361597 | C26: =Brazil!$F19 -> 3.5129833 | D26: =Brazil!$O15 -> -33.035384 | E26: =Brazil!$X15 -> -32.411069 | F26: =Brazil!$T15 -> -39.881034 | G26: -80.101149
A27: 36342 | B27: =Brazil!C31 -> 7.8726256 | C27: =Brazil!$F20 -> 4.8623093 | D27: =Brazil!$O16 -> -35.525207 | E27: =Brazil!$X16 -> -36.242614 | F27: =Brazil!$T16 -> -44.081376 | G27: -87.201086
A28: 36434 | B28: =Brazil!C32 -> 6.5827816 | C28: =Brazil!$F21 -> 6.9168942 | D28: =Brazil!$O17 -> -35.648143 | E28: =Brazil!$X17 -> -35.191687 | F28: =Brazil!$T17 -> -40.826239 | G28: -103.57672
... A122: 45017 | B122: =Brazil!C126 -> 4.7076512 | C122: =Brazil!$F115 -> 9.304558 | D122: =Brazil!$O111 -> 3.0603086 | E122: =Brazil!$X111 -> 1.5863548 | F122: =Brazil!$T111 -> -2.502224 | G122: -428.53397
A123: 45108 | B123: #N/A | C123: =Brazil!$F116 -> 8.0287099 | D123: =Brazil!$O112 -> 12.440297 | E123: =Brazil!$X112 -> 8.2663791 | F123: =Brazil!$T112 -> 0.20017622 | G123: -424.97004
A124: 45200 | B124: #N/A | C124: =Brazil!$F117 -> 7.3103443 | D124: #N/A | E124: #N/A | F124: #N/A | G124: #N/A
A125: 45292 | B125: #N/A | C125: #N/A | D125: #N/A | E125: #N/A | F125: #N/A | G125: #N/A
A126: 45383 | B126: #N/A | C126: #N/A | D126: #N/A | E126: #N/A | F126: #N/A | G126: #N/A
A127: 45474 | B127: #N/A | C127: #N/A | D127: #N/A | E127: #N/A | F127: #N/A | G127: #N/A
A128: 45566 | B128: #N/A | C128: #N/A | D128: #N/A | E128: #N/A | F128: #N/A | G128: #N/A

Sheet China
A1: Year | B1: headline_cpi_quarterly | C1: headline_yy | D1: Year | E1: core_cpi_quarterly | F1: core_yy | G1: Date | H1: cons_quarterly | I1: cons_yy | J1: Date | K1: Local government bond_quarterly | L1: g_yy | M1: Date | N1: I_quarterly | O1: I_yy | P1: Year | Q1: NetX_quarterly | R1: NetX_yy
A2: 31413 | B2: 26.055801 | C2: N/A | D2: 38353 | E2: 83.066667 | F2: N/A | G2: 42186 | H2: 253198.72 | I2: N/A | J2: 42736 | K2: 68.2 | L2: N/A | M2: 44197 | N2: 30.3 | O2: N/A | P2: 42644 | Q2: 53.851 | R2: N/A
A3: 31503 | B3: 25.914918 | C3: N/A | D3: 38443 | E3: 82.99 | F3: N/A | G3: 42278 | H3: 454381.61 | I3: N/A | J3: 42826 | K3: 72.58 | L3: N/A | M3: 44287 | N3: 15.966667 | O3: N/A | P3: 42736 | Q3: 14.989 | R3: N/A
A4: 31594 | B4: 25.537575 | C4: N/A | D4: 38534 | E4: 82.943333 | F4: N/A | G4: 42370 | H4: 356922.94 | I4: N/A | J4: 42917 | K4: 78.8 | L4: N/A | M4: 44378 | N4: 8.8333333 | O4: N/A | P4: 42826 | Q4: 30.207667 | R4: N/A
A5: 31686 | B5: 26.466671 | C5: N/A | D5: 38626 | E5: 83.08 | F5: N/A | G5: 42461 | H5: 375677.79 | I5: N/A | J5: 43009 | K5: 83.31 | L5: N/A | M5: 44470 | N5: 5.4 | O5: N/A | P5: 42917 | Q5: 28.042 | R5: N/A
A6: 31778 | B6: 27.471568 | C6: =(B6/B2-1)*100 -> 5.4335971 | D6: 38718 | E6: 83.266667 | F6: =(E6/E2-1)*100 -> 0.24077047 | G6: 42552 | H6: 289907.68 | I6: =(H6/H2-1)*100 -> 14.498083 | J6: 43101 | K6: 84.67 | L6: =(K6/K2-1)*100 -> 24.14956 | M6: 44562 | N6: 10.75 | O6: =(N6/N2-1)*100 -> -64.521452 | P6: 43009 | Q6: 44.015 | R6: =(Q6/Q2-1)*100 -> -18.265213
A7: 31868 | B7: 27.823909 | C7: =(B7/B3-1)*100 -> 7.3663783 | D7: 38808 | E7: 83.463333 | F7: =(E7/E3-1)*100 -> 0.57034984 | G7: 42644 | H7: 297695.36 | I7: =(H7/H3-1)*100 -> -34.483404 | J7: 43191 | K7: 87.85 | L7: =(K7/K3-1)*100 -> 21.038854 | M7: 44652 | N7: 6.3666667 | O7: =(N7/N3-1)*100 -> -60.125261 | P7: =P101/1/2018 -> 0 | Q7: 24.305 | R7: =(Q7/Q3-1)*100 -> 62.152245
A8: 31959 | B8: 27.554548 | C8: =(B8/B4-1)*100 -> 7.8980596 | D8: 38899 | E8: 83.61 | F8: =(E8/E4-1)*100 -> 0.8037616 | G8: 42736 | H8: 322554.14 | I8: =(H8/H4-1)*100 -> -9.6291945 | J8: 43282 | K8: 94.46 | L8: =(K8/K4-1)*100 -> 19.873096 | M8: 44743 | N8: 5.8 | O8: =(N8/N4-1)*100 -> -34.339623 | P8: 43191 | Q8: 34.644333 | R8: =(Q8/Q4-1)*100 -> 14.687221
A9: 32051 | B9: 28.646318 | C9: =(B9/B5-1)*100 -> 8.2354403 | D9: 38991 | E9: 83.773333 | F9: =(E9/E5-1)*100 -> 0.83453699 | G9: 42826 | H9: 325149.79 | I9: =(H9/H5-1)*100 -> -13.449822 | J9: 43374 | K9: 98.36 | L9: =(K9/K5-1)*100 -> 18.065058 | M9: 44835 | N9: 5.4 | O9: =(N9/N5-1)*100 -> 0 | P9: 43282 | Q9: 39.236667 | R9: =(Q9/Q5-1)*100 -> 39.921071
A10: 32143 | B10: 30.310997 | C10: =(B10/B6-1)*100 -> 10.335884 | D10: 39083 | E10: 83.996667 | F10: =(E10/E6-1)*100 -> 0.87670136 | G10: 42917 | H10: 315440.81 | I10: =(H10/H6-1)*100 -> 8.8073307 | J10: 43466 | K10: 100.74 | L10: =(K10/K6-1)*100 -> 18.979568 | M10: 44927 | N10: 5.3 | O10: =(N10/N6-1)*100 -> -50.697674 | P10: 43374 | Q10: 42.458667 | R10: =(Q10/Q6-1)*100 -> -3.5359158
A11: 32234 | B11: 31.786155 | C11: =(B11/B7-1)*100 -> 14.240437 | D11: 39173 | E11: 84.16 | F11: =(E11/E7-1)*100 -> 0.83469787 | G11: 43009 | H11: 294972.72 | I11: =(H11/H7-1)*100 -> -0.91457534 | J11: 43556 | K11: 104.65 | L11: =(K11/K7-1)*100 -> 19.123506 | M11: 45017 | N11: 4.1666667 | O11: =(N11/N7-1)*100 -> -34.554974 | P11: 43466 | Q11: 4.1246667 | R11: =(Q11/Q7-1)*100 -> -83.029555
A12: 32325 | B12: 33.915702 | C12: =(B12/B8-1)*100 -> 23.085678 | D12: 39264 | E12: 84.266667 | F12: =(E12/E8-1)*100 -> 0.7853925 | G12: 43101 | H12: 322974.68 | I12: =(H12/H8-1)*100 -> 0.13037817 | J12: 43647 | K12: 109.72 | L12: =(K12/K8-1)*100 -> 16.154986 | M12: 45108 | N12: 3.2333333 | O12: =(N12/N8-1)*100 -> -44.252874 | P12: 43556 | Q12: 51.268 | R12: =(Q12/Q8-1)*100 -> 47.983797
A13: 32417 | B13: 36.457977 | C13: =(B13/B9-1)*100 -> 27.269331 | D13: 39356 | E13: 84.606667 | F13: =(E13/E9-1)*100 -> 0.99474773 | G13: 43191 | H13: 294477.22 | I13: =(H13/H9-1)*100 -> -9.4333681 | J13: 43739 | K13: 112.26 | L13: =(K13/K9-1)*100 -> 14.131761 | M13: 45200 | N13: 2.9333333 | O13: =(N13/N9-1)*100 -> -45.679012 | P13: 43647 | Q13: 52.371333 | R13: =(Q13/Q9-1)*100 -> 33.475491
A14: 32509 | B14: 38.685977 | C14: =(B14/B10-1)*100 -> 27.630169 | D14: 39448 | E14: 84.94 | F14: =(E14/E10-1)*100 -> 1.1230604 | G14: 43282 | H14: 271202.23 | I14: =(H14/H10-1)*100 -> -14.02437 | J14: 43831 | K14: 116.47 | L14: =(K14/K10-1)*100 -> 15.614453 | M14: 45292 | N14: 4.35 | O14: =(N14/N10-1)*100 -> -17.924528 | P14: 43739 | Q14: 70.580667 | R14: =(Q14/Q10-1)*100 -> 66.233827
A15: 32599 | B15: 39.649191 | C15: =(B15/B11-1)*100 -> 24.737298 | D15: 39539 | E15: 85.143333 | F15: =(E15/E11-1)*100 -> 1.1684094 | G15: 43374 | H15: 273211.45 | I15: =(H15/H11-1)*100 -> -7.3773817 | J15: 43922 | K15: 121.94 | L15: =(K15/K11-1)*100 -> 16.521739 | M15: 45383 | N15: 4.0333333 | O15: =(N15/N11-1)*100 -> -3.2 | P15: 43831 | Q15: 35.988333 | R15: =(Q15/Q11-1)*100 -> 772.51495
A16: 32690 | B16: 39.1047 | C16: =(B16/B12-1)*100 -> 15.29969 | D16: 39630 | E16: 85.37 | F16: =(E16/E12-1)*100 -> 1.3093354 | G16: 43466 | H16: 248525.59 | I16: =(H16/H12-1)*100 -> -23.051061 | J16: 44013 | K16: 129.98 | L16: =(K16/K12-1)*100 -> 18.465184 | M16: 45474 | N16: 3.4666667 | O16: =(N16/N12-1)*100 -> 7.2164948 | P16: 43922 | Q16: 44.248667 | R16: =(Q16/Q12-1)*100 -> -13.691451
A17: 32782 | B17: 39.201113 | C17: =(B17/B13-1)*100 -> 7.5241034 | D17: 39722 | E17: 84.86 | F17: =(E17/E13-1)*100 -> 0.29942479 | G17: 43556 | H17: 200178.4 | I17: =(H17/H13-1)*100 -> -32.022448 | J17: 44105 | K17: 136.36 | L17: =(K17/K13-1)*100 -> 21.468021 | M17: 45566 | N17: 3.3 | O17: =(N17/N13-1)*100 -> 12.5 | P17: 44013 | Q17: 60.273667 | R17: =(Q17/Q13-1)*100 -> 15.089044
A18: 32874 | B18: 40.245007 | C18: =(B18/B14-1)*100 -> 4.0299612 | D18: 39814 | E18: 84.27 | F18: =(E18/E14-1)*100 -> -0.78879209 | G18: 43647 | H18: 208221.28 | I18: =(H18/H14-1)*100 -> -23.222871 | J18: 44197 | K18: 139.39 | L18: =(K18/K14-1)*100 -> 19.678887 | P18: 44105 | Q18: 82.959667 | R18: =(Q18/Q14-1)*100 -> 17.538797
A19: 32964 | B19: 40.57218 | C19: =(B19/B15-1)*100 -> 2.3278894 | D19: 39904 | E19: 84.033333 | F19: =(E19/E15-1)*100 -> -1.303684 | G19: 43739 | H19: 226390.47 | I19: =(H19/H15-1)*100 -> -17.137269 | J19: 44287 | K19: 143.33 | L19: =(K19/K15-1)*100 -> 17.541414 | P19: 44197 | Q19: 49.444333 | R19: =(Q19/Q15-1)*100 -> 37.389895
A20: 33055 | B20: 39.952624 | C20: =(B20/B16-1)*100 -> 2.1683422 | D20: 39995 | E20: 83.976667 | F20: =(E20/E16-1)*100 -> -1.6321112 | G20: 43831 | H20: 218387.29 | I20: =(H20/H16-1)*100 -> -12.12684 | J20: 44378 | K20: 148.8 | L20: =(K20/K16-1)*100 -> 14.479151 | P20: 44287 | Q20: 71.903333 | R20: =(Q20/Q16-1)*100 -> 62.498305
A21: 33147 | B21: 40.652307 | C21: =(B21/B17-1)*100 -> 3.7019211 | D21: 40087 | E21: 84.246667 | F21: =(E21/E17-1)*100 -> -0.72275905 | G21: 43922 | H21: 198860.59 | I21: =(H21/H17-1)*100 -> -0.65832037 | J21: 44470 | K21: 156.04 | L21: =(K21/K17-1)*100 -> 14.432385 | P21: 44378 | Q21: 85.795333 | R21: =(Q21/Q17-1)*100 -> 42.34298
A22: 33239 | B22: 40.99557 | C22: =(B22/B18-1)*100 -> 1.8649842 | D22: 40179 | E22: 84.476667 | F22: =(E22/E18-1)*100 -> 0.24524346 | G22: 44013 | H22: 190353.98 | I22: =(H22/H18-1)*100 -> -8.580923 | J22: 44562 | K22: 162.26 | L22: =(K22/K18-1)*100 -> 16.407203 | P22: 44470 | Q22: 72.166333 | R22: =(Q22/Q18-1)*100 -> -13.010338
A23: 33329 | B23: 41.829336 | C23: =(B23/B19-1)*100 -> 3.0985666 | D23: 40269 | E23: 84.753333 | F23: =(E23/E19-1)*100 -> 0.85680286 | G23: 44105 | H23: 199604.82 | I23: =(H23/H19-1)*100 -> -11.831617 | J23: 44652 | K23: 168.86 | L23: =(K23/K19-1)*100 -> 17.812042 | P23: 44562 | Q23: 60.318333 | R23: =(Q23/Q19-1)*100 -> 21.992409
A24: 33420 | B24: 41.830029 | C24: =(B24/B20-1)*100 -> 4.6990806 | D24: 40360 | E24: 84.993333 | F24: =(E24/E20-1)*100 -> 1.2106538 | G24: 44197 | H24: 274326.57 | I24: =(H24/H20-1)*100 -> 25.614715 | J24: 44743 | K24: 175.52 | L24: =(K24/K20-1)*100 -> 17.956989 | P24: 44652 | Q24: 73.252667 | R24: =(Q24/Q20-1)*100 -> 1.8765936
A25: 33512 | B25: 42.50846 | C25: =(B25/B21-1)*100 -> 4.5659211 | D25: 40452 | E25: 85.586667 | F25: =(E25/E21-1)*100 -> 1.5905674 | G25: 44287 | H25: 218804.73 | I25: =(H25/H21-1)*100 -> 10.029208 | J25: 44835 | K25: 179.35 | L25: =(K25/K21-1)*100 -> 14.938477 | P25: 44743 | Q25: 73.911667 | R25: =(Q25/Q21-1)*100 -> -13.851181
A26: 33604 | B26: 43.195481 | C26: =(B26/B22-1)*100 -> 5.3662174 | D26: 40544 | E26: 86.203333 | F26: =(E26/E22-1)*100 -> 2.0439569 | G26: 44378 | H26: 178269.36 | I26: =(H26/H22-1)*100 -> -6.3484954 | J26: 44927 | K26: 184.03 | L26: =(K26/K22-1)*100 -> 13.416739 | P26: 44835 | Q26: 66.551333 | R26: =(Q26/Q22-1)*100 -> -7.7806364
A27: 33695 | B27: 44.138278 | C27: =(B27/B23-1)*100 -> 5.5199092 | D27: 40634 | E27: 86.68 | F27: =(E27/E23-1)*100 -> 2.2732636 | G27: 44470 | H27: 191542.18 | I27: =(H27/H23-1)*100 -> -4.0393013 | J27: 45017 | K27: 189.07 | L27: =(K27/K23-1)*100 -> 11.968495 | P27: 44927 | Q27: 60.638 | R27: =(Q27/Q23-1)*100 -> 0.52996601
A28: 33786 | B28: 44.413222 | C28: =(B28/B24-1)*100 -> 6.1754503 | D28: 40725 | E28: 86.956667 | F28: =(E28/E24-1)*100 -> 2.3099851 | G28: 44562 | H28: 199713.53 | I28: =(H28/H24-1)*100 -> -27.19862 | J28: 45108 | K28: 195.27 | L28: =(K28/K24-1)*100 -> 11.252279 | P28: 45017 | Q28: 83.887667 | R28: =(Q28/Q24-1)*100 -> 14.518243
A29: 33878 | B29: 46.037945 | C29: =(B29/B25-1)*100 -> 8.3030189 | D29: 40817 | E29: 87.156667 | F29: =(E29/E25-1)*100 -> 1.8343979 | G29: 44652 | H29: 183237.77 | I29: =(H29/H25-1)*100 -> -16.255112 | J29: 45200 | K29: 206.36 | L29: =(K29/K25-1)*100 -> 15.059939 | P29: 45108 | Q29: 85.979333 | R29: =(Q29/Q25-1)*100 -> 16.327147
A30: 33970 | B30: 47.990978 | C30: =(B30/B26-1)*100 -> 11.101847 | D30: 40909 | E30: 87.383333 | F30: =(E30/E26-1)*100 -> 1.3688566 | G30: 44743 | H30: 166954.63 | I30: =(H30/H26-1)*100 -> -6.3469865 | J30: 45292 | K30: 211.93 | L30: =(K30/K26-1)*100 -> 15.160572 | P30: 45200 | Q30: 99.332 | R30: =(Q30/Q26-1)*100 -> 49.256213
A31: 34060 | B31: 50.552967 | C31: =(B31/B27-1)*100 -> 14.533167 | D31: 41000 | E31: 87.77 | F31: =(E31/E27-1)*100 -> 1.2574988 | G31: 44835 | H31: 156547.93 | I31: =(H31/H27-1)*100 -> -18.269733 | J31: 45383 | K31: 216.47 | L31: =(K31/K27-1)*100 -> 14.491987
A32: 34151 | B32: 51.574954 | C32: =(B32/B28-1)*100 -> 16.125225 | D32: 41091 | E32: 88.256667 | F32: =(E32/E28-1)*100 -> 1.4949975 | G32: 44927 | H32: 167004.94 | I32: =(H32/H28-1)*100 -> -16.377757 | J32: 45474 | K32: 226.23 | L32: =(K32/K28-1)*100 -> 15.85497
A33: 34243 | B33: 54.068374 | C33: =(B33/B29-1)*100 -> 17.443066 | D33: 41183 | E33: 88.553333 | F33: =(E33/E29-1)*100 -> 1.6024783 | G33: 45017 | H33: 156737.72 | I33: =(H33/H29-1)*100 -> -14.462113 | J33: 45566 | K33: 238.44
A34: 34335 | B34: 58.662479 | C34: =(B34/B30-1)*100 -> 22.236474 | D34: 41275 | E34: 88.936667 | F34: =(E34/E30-1)*100 -> 1.7776082 | G34: 45108 | H34: 162300.62 | I34: =(H34/H30-1)*100 -> -2.7875919
A35: 34425 | B35: 61.607466 | C35: =(B35/B31-1)*100 -> 21.86716 | D35: 41365 | E35: 89.263333 | F35: =(E35/E31-1)*100 -> 1.7014166 | G35: 45200 | H35: 8166.0039 | I35: =(H35/H31-1)*100 -> -94.783704
A36: 34516 | B36: 64.843048 | C36: =(B36/B32-1)*100 -> 25.725847 | D36: 41456 | E36: 89.61 | F36: =(E36/E32-1)*100 -> 1.5334064
A37: 34608 | B37: 68.603967 | C37: =(B37/B33-1)*100 -> 26.883724 | D37: 41548 | E37: 90.093333 | F37: =(E37/E33-1)*100 -> 1.739065 | K37: Local government bond as a proxy for total government expenditure (g)
A38: 34700 | B38: 71.91052 | C38: =(B38/B34-1)*100 -> 22.583499 | D38: 41640 | E38: 90.446667 | F38: =(E38/E34-1)*100 -> 1.6978374
A39: 34790 | B39: 73.759451 | C39: =(B39/B35-1)*100 -> 19.724858 | D39: 41730 | E39: 90.77 | F39: =(E39/E35-1)*100 -> 1.6878898
A40: 34881 | B40: 74.41217 | C40: =(B40/B36-1)*100 -> 14.75736 | D40: 41821 | E40: 91.043333 | F40: =(E40/E36-1)*100 -> 1.5995239
A41: 34973 | B41: 76.237005 | C41: =(B41/B37-1)*100 -> 11.126235 | D41: 41913 | E41: 91.383333 | F41: =(E41/E37-1)*100 -> 1.4318485
A42: 35065 | B42: 78.647225 | C42: =(B42/B38-1)*100 -> 9.3681767 | D42: 42005 | E42: 91.8 | F42: =(E42/E38-1)*100 -> 1.4962777
A43: 35156 | B43: 80.446648 | C43: =(B43/B39-1)*100 -> 9.0662242 | D43: 42095 | E43: 92.236667 | F43: =(E43/E39-1)*100 -> 1.6158055
A44: 35247 | B44: 80.310526 | C44: =(B44/B40-1)*100 -> 7.9266012 | D44: 42186 | E44: 92.506667 | F44: =(E44/E40-1)*100 -> 1.6072932
A45: 35339 | B45: 81.548233 | C45: =(B45/B41-1)*100 -> 6.9667319 | D45: 42278 | E45: 92.776667 | F45: =(E45/E41-1)*100 -> 1.5247127
A46: 35431 | B46: 82.706145 | C46: =(B46/B42-1)*100 -> 5.1609196 | D46: 42370 | E46: 93.133333 | F46: =(E46/E42-1)*100 -> 1.4524328
A47: 35521 | B47: 82.806741 | C47: =(B47/B43-1)*100 -> 2.9337366 | D47: 42461 | E47: 93.583333 | F47: =(E47/E43-1)*100 -> 1.4600123
A48: 35612 | B48: 82.019818 | C48: =(B48/B44-1)*100 -> 2.1283536 | D48: 42552 | E48: 94.083333 | F48: =(E48/E44-1)*100 -> 1.7043817
A49: 35704 | B49: 82.363161 | C49: =(B49/B45-1)*100 -> 0.99932039 | D49: 42644 | E49: 94.566667 | F49: =(E49/E45-1)*100 -> 1.9293644
... A77: 38261 | B77: 85.631505 | C77: =(B77/B73-1)*100 -> 3.0891147 | D77: 45200 | E77: 102.31 | F77: =(E77/E73-1)*100 -> 0.64268617
A78: 38353 | B78: 86.886752 | C78: =(B78/B74-1)*100 -> 2.7458387
A79: 38443 | B79: 86.270815 | C79: =(B79/B75-1)*100 -> 1.6799247
A80: 38534 | B80: 86.066859 | C80: =(B80/B76-1)*100 -> 1.3078226
A81: 38626 | B81: 86.812846 | C81: =(B81/B77-1)*100 -> 1.3795636
A82: 38718 | B82: 88.115413 | C82: =(B82/B78-1)*100 -> 1.4140944
A83: 38808 | B83: 87.701557 | C83: =(B83/B79-1)*100 -> 1.6584302
A84: 38899 | B84: 87.437252 | C84: =(B84/B80-1)*100 -> 1.5922425
A85: 38991 | B85: 88.490697 | C85: =(B85/B81-1)*100 -> 1.932722
A86: 39083 | B86: 90.536563 | C86: =(B86/B82-1)*100 -> 2.7477034
A87: 39173 | B87: 90.866386 | C87: =(B87/B83-1)*100 -> 3.6086357
A88: 39264 | B88: 92.849255 | C88: =(B88/B84-1)*100 -> 6.1895851
A89: 39356 | B89: 94.435449 | C89: =(B89/B85-1)*100 -> 6.7179408
... A153: 45200 | B153: 132.03687 | C153: =(B153/B149-1)*100 -> -0.32258065

Sheet china_clean_2
A1: Date | B1: headline_cpi_yy | C1: core_cpi_yy | D1: cons_yy | E1: g_yy | F1: gfcf_yy | G1: exports_yy | H1: date2 | I1: headline_cpi_yy_link | J1: core_cpi_yy_link | K1: cons_yy_link | L1: g_yy_link | M1: gfcf_yy_link | N1: exports_yy_link
A2: 31778 | B2: 5.4335971 | C2: #N/A | D2: #N/A | E2: #N/A | F2: #N/A | G2: #N/A | H2: 31778 | I2: =China!C6 -> 5.4335971 | J2: #N/A | K2: #N/A | L2: =china_clean!E2 -> #N/A | M2: #N/A | N2: #N/A
A3: 31868 | B3: 7.3663783 | C3: #N/A | D3: #N/A | E3: #N/A | F3: #N/A | G3: #N/A | H3: 31868 | I3: =China!C7 -> 7.3663783 | J3: #N/A | K3: #N/A | L3: =china_clean!E3 -> #N/A | M3: #N/A | N3: #N/A
A4: 31959 | B4: 7.8980596 | C4: #N/A | D4: #N/A | E4: #N/A | F4: #N/A | G4: #N/A | H4: 31959 | I4: =China!C8 -> 7.8980596 | J4: #N/A | K4: #N/A | L4: =china_clean!E4 -> #N/A | M4: #N/A | N4: #N/A
A5: 32051 | B5: 8.2354403 | C5: #N/A | D5: #N/A | E5: #N/A | F5: #N/A | G5: #N/A | H5: 32051 | I5: =China!C9 -> 8.2354403 | J5: #N/A | K5: #N/A | L5: =china_clean!E5 -> #N/A | M5: #N/A | N5: #N/A
A6: 32143 | B6: 10.335884 | C6: #N/A | D6: #N/A | E6: #N/A | F6: #N/A | G6: #N/A | H6: 32143 | I6: =China!C10 -> 10.335884 | J6: #N/A | K6: #N/A | L6: =china_clean!E6 -> #N/A | M6: #N/A | N6: #N/A
A7: 32234 | B7: 14.240437 | C7: #N/A | D7: #N/A | E7: #N/A | F7: #N/A | G7: #N/A | H7: 32234 | I7: =China!C11 -> 14.240437 | J7: #N/A | K7: #N/A | L7: =china_clean!E7 -> #N/A | M7: #N/A | N7: #N/A
A8: 32325 | B8: 23.085678 | C8: #N/A | D8: #N/A | E8: #N/A | F8: #N/A | G8: #N/A | H8: 32325 | I8: =China!C12 -> 23.085678 | J8: #N/A | K8: #N/A | L8: =china_clean!E8 -> #N/A | M8: #N/A | N8: #N/A
A9: 32417 | B9: 27.269331 | C9: #N/A | D9: #N/A | E9: #N/A | F9: #N/A | G9: #N/A | H9: 32417 | I9: =China!C13 -> 27.269331 | J9: #N/A | K9: #N/A | L9: =china_clean!E9 -> #N/A | M9: #N/A | N9: #N/A
A10: 32509 | B10: 27.630169 | C10: #N/A | D10: #N/A | E10: #N/A | F10: #N/A | G10: #N/A | H10: 32509 | I10: =China!C14 -> 27.630169 | J10: #N/A | K10: #N/A | L10: =china_clean!E10 -> #N/A | M10: #N/A | N10: #N/A
A11: 32599 | B11: 24.737298 | C11: #N/A | D11: #N/A | E11: #N/A | F11: #N/A | G11: #N/A | H11: 32599 | I11: =China!C15 -> 24.737298 | J11: #N/A | K11: #N/A | L11: =china_clean!E11 -> #N/A | M11: #N/A | N11: #N/A
A12: 32690 | B12: 15.29969 | C12: #N/A | D12: #N/A | E12: #N/A | F12: #N/A | G12: #N/A | H12: 32690 | I12: =China!C16 -> 15.29969 | J12: #N/A | K12: #N/A | L12: =china_clean!E12 -> #N/A | M12: #N/A | N12: #N/A
A13: 32782 | B13: 7.5241034 | C13: #N/A | D13: #N/A | E13: #N/A | F13: #N/A | G13: #N/A | H13: 32782 | I13: =China!C17 -> 7.5241034 | J13: #N/A | K13: #N/A | L13: =china_clean!E13 -> #N/A | M13: #N/A | N13: #N/A
... A20: 33420 | B20: 4.6990806 | C20: #N/A | D20: #N/A | E20: #N/A | F20: #N/A | G20: #N/A | H20: 33420 | I20: =China!C24 -> 4.6990806 | J20: #N/A | K20: #N/A | L20: =china_clean!E20 -> #N/A | M20: #N/A | N20: #N/A
A21: 33512 | B21: 4.5659211 | C21: #N/A | D21: #N/A | E21: #N/A | F21: #N/A | G21: #N/A | H21: 33512 | I21: =China!C25 -> 4.5659211 | J21: #N/A | K21: #N/A | L21: =china_clean!E21 -> #N/A | M21: #N/A | N21: =[1]clean!$K6 -> #N/A
A22: 33604 | B22: 5.3662174 | C22: #N/A | D22: #N/A | E22: #N/A | F22: #N/A | G22: #N/A | H22: 33604 | I22: =China!C26 -> 5.3662174 | J22: #N/A | K22: #N/A | L22: =china_clean!E22 -> #N/A | M22: #N/A | N22: =[1]clean!$K7 -> #N/A
A23: 33695 | B23: 5.5199092 | C23: #N/A | D23: #N/A | E23: #N/A | F23: #N/A | G23: #N/A | H23: 33695 | I23: =China!C27 -> 5.5199092 | J23: #N/A | K23: #N/A | L23: =china_clean!E23 -> #N/A | M23: #N/A | N23: =[1]clean!$K8 -> #N/A
A24: 33786 | B24: 6.1754503 | C24: #N/A | D24: #N/A | E24: #N/A | F24: #N/A | G24: -17.95559 | H24: 33786 | I24: =China!C28 -> 6.1754503 | J24: #N/A | K24: #N/A | L24: =china_clean!E24 -> #N/A | M24: #N/A | N24: =[1]clean!$K9 -> -17.95559
A25: 33878 | B25: 8.3030189 | C25: #N/A | D25: #N/A | E25: #N/A | F25: #N/A | G25: -129.62766 | H25: 33878 | I25: =China!C29 -> 8.3030189 | J25: #N/A | K25: #N/A | L25: =china_clean!E25 -> #N/A | M25: #N/A | N25: =[1]clean!$K10 -> -129.62766
A26: 33970 | B26: 11.101847 | C26: #N/A | D26: #N/A | E26: #N/A | F26: #N/A | G26: -191.88337 | H26: 33970 | I26: =China!C30 -> 11.101847 | J26: #N/A | K26: #N/A | L26: =china_clean!E26 -> #N/A | M26: #N/A | N26: =[1]clean!$K11 -> -191.88337
A27: 34060 | B27: 14.533167 | C27: #N/A | D27: #N/A | E27: #N/A | F27: #N/A | G27: -275.90909 | H27: 34060 | I27: =China!C31 -> 14.533167 | J27: #N/A | K27: #N/A | L27: =china_clean!E27 -> #N/A | M27: #N/A | N27: =[1]clean!$K12 -> -275.90909
A28: 34151 | B28: 16.125225 | C28: #N/A | D28: #N/A | E28: #N/A | F28: #N/A | G28: -263.55576 | H28: 34151 | I28: =China!C32 -> 16.125225 | J28: #N/A | K28: #N/A | L28: =china_clean!E28 -> #N/A | M28: #N/A | N28: =[1]clean!$K13 -> -263.55576
A29: 34243 | B29: 17.443066 | C29: #N/A | D29: #N/A | E29: #N/A | F29: #N/A | G29: 928.72531 | H29: 34243 | I29: =China!C33 -> 17.443066 | J29: #N/A | K29: #N/A | L29: =china_clean!E29 -> #N/A | M29: #N/A | N29: =[1]clean!$K14 -> 928.72531
A30: 34335 | B30: 22.236474 | C30: #N/A | D30: #N/A | E30: #N/A | F30: #N/A | G30: 6.3464837 | H30: 34335 | I30: =China!C34 -> 22.236474 | J30: #N/A | K30: #N/A | L30: =china_clean!E30 -> #N/A | M30: #N/A | N30: =[1]clean!$K15 -> 6.3464837
A31: 34425 | B31: 21.86716 | C31: #N/A | D31: #N/A | E31: #N/A | F31: #N/A | G31: -122.09302 | H31: 34425 | I31: =China!C35 -> 21.86716 | J31: #N/A | K31: #N/A | L31: =china_clean!E31 -> #N/A | M31: #N/A | N31: =[1]clean!$K16 -> -122.09302
A32: 34516 | B32: 25.725847 | C32: #N/A | D32: #N/A | E32: #N/A | F32: #N/A | G32: -162.42511 | H32: 34516 | I32: =China!C36 -> 25.725847 | J32: #N/A | K32: #N/A | L32: =china_clean!E32 -> #N/A | M32: #N/A | N32: =[1]clean!$K17 -> -162.42511
A33: 34608 | B33: 26.883724 | C33: #N/A | D33: #N/A | E33: #N/A | F33: #N/A | G33: -166.33508 | H33: 34608 | I33: =China!C37 -> 26.883724 | J33: #N/A | K33: #N/A | L33: =china_clean!E33 -> #N/A | M33: #N/A | N33: =[1]clean!$K18 -> -166.33508
A34: 34700 | B34: 22.583499 | C34: #N/A | D34: #N/A | E34: #N/A | F34: #N/A | G34: -672.01613 | H34: 34700 | I34: =China!C38 -> 22.583499 | J34: #N/A | K34: #N/A | L34: =china_clean!E34 -> #N/A | M34: #N/A | N34: =[1]clean!$K19 -> -672.01613
A35: 34790 | B35: 19.724858 | C35: #N/A | D35: #N/A | E35: #N/A | F35: #N/A | G35: 1092.3977 | H35: 34790 | I35: =China!C39 -> 19.724858 | J35: #N/A | K35: #N/A | L35: =china_clean!E35 -> #N/A | M35: #N/A | N35: =[1]clean!$K20 -> 1092.3977
... A49: 36069 | B49: -1.1000627 | C49: #N/A | D49: #N/A | E49: #N/A | F49: #N/A | G49: -16.023404 | H49: 36069 | I49: =China!C53 -> -1.1000627 | J49: #N/A | K49: #N/A | L49: =china_clean!E49 -> #N/A | M49: #N/A | N49: =[1]clean!$K34 -> -16.023404
A50: 36161 | B50: -1.4337195 | C50: #N/A | D50: #N/A | E50: #N/A | F50: 412.62136 | G50: -60.190281 | H50: 36161 | I50: =China!C54 -> -1.4337195 | J50: #N/A | K50: #N/A | L50: =china_clean!E50 -> #N/A | M50: =[2]Sheet1!$J6 -> 412.62136 | N50: =[1]clean!$K35 -> -60.190281
A51: 36251 | B51: -2.1670928 | C51: #N/A | D51: #N/A | E51: #N/A | F51: 29.97416 | G51: -68.108108 | H51: 36251 | I51: =China!C55 -> -2.1670928 | J51: #N/A | K51: #N/A | L51: =china_clean!E51 -> #N/A | M51: =[2]Sheet1!$J7 -> 29.97416 | N51: =[1]clean!$K36 -> -68.108108
A52: 36342 | B52: -1.1639412 | C52: #N/A | D52: #N/A | E52: #N/A | F52: -41.132075 | G52: -9.3642612 | H52: 36342 | I52: =China!C56 -> -1.1639412 | J52: #N/A | K52: #N/A | L52: =china_clean!E52 -> #N/A | M52: =[2]Sheet1!$J8 -> -41.132075 | N52: =[1]clean!$K37 -> -9.3642612
A53: 36434 | B53: -0.83279975 | C53: #N/A | D53: #N/A | E53: #N/A | F53: -68.095238 | G53: 20.083119 | H53: 36434 | I53: =China!C57 -> -0.83279975 | J53: #N/A | K53: #N/A | L53: =china_clean!E53 -> #N/A | M53: =[2]Sheet1!$J9 -> -68.095238 | N53: =[1]clean!$K38 -> 20.083119
A54: 36526 | B54: 0.10089428 | C54: #N/A | D54: #N/A | E54: #N/A | F54: -51.325758 | G54: 22.235239 | H54: 36526 | I54: =China!C58 -> 0.10089428 | J54: #N/A | K54: #N/A | L54: =china_clean!E54 -> #N/A | M54: =[2]Sheet1!$J10 -> -51.325758 | N54: =[1]clean!$K39 -> 22.235239
A55: 36617 | B55: 0.09692987 | C55: #N/A | D55: #N/A | E55: #N/A | F55: -38.568588 | G55: 92.897498 | H55: 36617 | I55: =China!C59 -> 0.09692987 | J55: #N/A | K55: #N/A | L55: =china_clean!E55 -> #N/A | M55: =[2]Sheet1!$J11 -> -38.568588 | N55: =[1]clean!$K40 -> 92.897498
A56: 36708 | B56: 0.26400987 | C56: #N/A | D56: #N/A | E56: #N/A | F56: 22.435897 | G56: -41.525205 | H56: 36708 | I56: =China!C60 -> 0.26400987 | J56: #N/A | K56: #N/A | L56: =china_clean!E56 -> #N/A | M56: =[2]Sheet1!$J12 -> 22.435897 | N56: =[1]clean!$K41 -> -41.525205
A57: 36800 | B57: 0.93006407 | C57: #N/A | D57: #N/A | E57: #N/A | F57: 69.154229 | G57: -49.409609 | H57: 36800 | I57: =China!C61 -> 0.93006407 | J57: #N/A | K57: #N/A | L57: =china_clean!E57 -> #N/A | M57: =[2]Sheet1!$J13 -> 69.154229 | N57: =[1]clean!$K42 -> -49.409609
A58: 36892 | B58: 0.66374003 | C58: #N/A | D58: #N/A | E58: #N/A | F58: 88.715953 | G58: -9.5265478 | H58: 36892 | I58: =China!C62 -> 0.66374003 | J58: #N/A | K58: #N/A | L58: =china_clean!E58 -> #N/A | M58: =[2]Sheet1!$J14 -> 88.715953 | N58: =[1]clean!$K43 -> -9.5265478
A59: 36982 | B59: 1.5672305 | C59: #N/A | D59: #N/A | E59: #N/A | F59: 68.28479 | G59: -47.461646 | H59: 36982 | I59: =China!C63 -> 1.5672305 | J59: #N/A | K59: #N/A | L59: =china_clean!E59 -> #N/A | M59: =[2]Sheet1!$J15 -> 68.28479 | N59: =[1]clean!$K44 -> -47.461646
A60: 37073 | B60: 0.79261093 | C60: #N/A | D60: #N/A | E60: #N/A | F60: 45.287958 | G60: -19.717065 | H60: 37073 | I60: =China!C64 -> 0.79261093 | J60: #N/A | K60: #N/A | L60: =china_clean!E60 -> #N/A | M60: =[2]Sheet1!$J16 -> 45.287958 | N60: =[1]clean!$K45 -> -19.717065
A61: 37165 | B61: -0.13372564 | C61: #N/A | D61: #N/A | E61: #N/A | F61: 39.411765 | G61: 84.245473 | H61: 37165 | I61: =China!C65 -> -0.13372564 | J61: #N/A | K61: #N/A | L61: =china_clean!E61 -> #N/A | M61: =[2]Sheet1!$J17 -> 39.411765 | N61: =[1]clean!$K46 -> 84.245473
A62: 37257 | B62: -0.58689447 | C62: #N/A | D62: #N/A | E62: #N/A | F62: 54.845361 | G62: 54.364407 | H62: 37257 | I62: =China!C66 -> -0.58689447 | J62: #N/A | K62: =[3]clean!$D2 -> #N/A | L62: =china_clean!E62 -> #N/A | M62: =[2]Sheet1!$J18 -> 54.845361 | N62: =[1]clean!$K47 -> 54.364407
A63: 37347 | B63: -0.99134937 | C63: #N/A | D63: #N/A | E63: #N/A | F63: 48.653846 | G63: 61.985665 | H63: 37347 | I63: =China!C67 -> -0.99134937 | J63: #N/A | K63: =[3]clean!$D3 -> #N/A | L63: =china_clean!E63 -> #N/A | M63: =[2]Sheet1!$J19 -> 48.653846 | N63: =[1]clean!$K48 -> 61.985665
A64: 37438 | B64: -0.75768075 | C64: #N/A | D64: #N/A | E64: #N/A | F64: 30.810811 | G64: 20.613069 | H64: 37438 | I64: =China!C68 -> -0.75768075 | J64: #N/A | K64: =[3]clean!$D4 -> #N/A | L64: =china_clean!E64 -> #N/A | M64: =[2]Sheet1!$J20 -> 30.810811 | N64: =[1]clean!$K49 -> 20.613069
A65: 37530 | B65: -0.59316923 | C65: #N/A | D65: #N/A | E65: #N/A | F65: 36.919831 | G65: 13.344982 | H65: 37530 | I65: =China!C69 -> -0.59316923 | J65: #N/A | K65: =[3]clean!$D5 -> #N/A | L65: =china_clean!E65 -> #N/A | M65: =[2]Sheet1!$J21 -> 36.919831 | N65: =[1]clean!$K50 -> 13.344982
A66: 37622 | B66: 0.46962257 | C66: #N/A | D66: 7.3805296 | E66: #N/A | F66: 29.42743 | G66: -114.0269 | H66: 37622 | I66: =China!C70 -> 0.46962257 | J66: #N/A | K66: =[3]clean!$D6 -> 7.3805296 | L66: =china_clean!E66 -> #N/A | M66: =[2]Sheet1!$J22 -> 29.42743 | N66: =[1]clean!$K51 -> -114.0269
A67: 37712 | B67: 0.60943505 | C67: #N/A | D67: 4.8966048 | E67: #N/A | F67: 22.897801 | G67: -11.602753 | H67: 37712 | I67: =China!C71 -> 0.60943505 | J67: #N/A | K67: =[3]clean!$D7 -> 4.8966048 | L67: =china_clean!E67 -> #N/A | M67: =[2]Sheet1!$J23 -> 22.897801 | N67: =[1]clean!$K52 -> -11.602753
A68: 37803 | B68: 0.80690657 | C68: #N/A | D68: 6.0919253 | E68: #N/A | F68: 32.92011 | G68: -28.793182 | H68: 37803 | I68: =China!C72 -> 0.80690657 | J68: #N/A | K68: =[3]clean!$D8 -> 6.0919253 | L68: =china_clean!E68 -> #N/A | M68: =[2]Sheet1!$J24 -> 32.92011 | N68: =[1]clean!$K53 -> -28.793182
A69: 37895 | B69: 2.6285202 | C69: #N/A | D69: 7.9779365 | E69: #N/A | F69: 35.901387 | G69: 57.317661 | H69: 37895 | I69: =China!C73 -> 2.6285202 | J69: #N/A | K69: =[3]clean!$D9 -> 7.9779365 | L69: =china_clean!E69 -> #N/A | M69: =[2]Sheet1!$J25 -> 35.901387 | N69: =[1]clean!$K54 -> 57.317661
A70: 37987 | B70: 2.7631535 | C70: #N/A | D70: #N/A | E70: #N/A | F70: 58.230453 | G70: 725.53816 | H70: 37987 | I70: =China!C74 -> 2.7631535 | J70: #N/A | K70: =[3]clean!$D10 -> #N/A | L70: =china_clean!E70 -> #N/A | M70: =[2]Sheet1!$J26 -> 58.230453 | N70: =[1]clean!$K55 -> 725.53816
A71: 38078 | B71: 4.3188214 | C71: #N/A | D71: #N/A | E71: #N/A | F71: 14.315789 | G71: -68.557657 | H71: 38078 | I71: =China!C75 -> 4.3188214 | J71: #N/A | K71: =[3]clean!$D11 -> #N/A | L71: =china_clean!E71 -> #N/A | M71: =[2]Sheet1!$J27 -> 14.315789 | N71: =[1]clean!$K56 -> -68.557657
A72: 38169 | B72: 5.1646829 | C72: #N/A | D72: #N/A | E72: #N/A | F72: -5.388601 | G72: 146.05685 | H72: 38169 | I72: =China!C76 -> 5.1646829 | J72: #N/A | K72: =[3]clean!$D12 -> #N/A | L72: =china_clean!E72 -> #N/A | M72: =[2]Sheet1!$J28 -> -5.388601 | N72: =[1]clean!$K57 -> 146.05685
A73: 38261 | B73: 3.0891147 | C73: #N/A | D73: #N/A | E73: #N/A | F73: -2.4943311 | G73: 71.858158 | H73: 38261 | I73: =China!C77 -> 3.0891147 | J73: #N/A | K73: =[3]clean!$D13 -> #N/A | L73: =china_clean!E73 -> #N/A | M73: =[2]Sheet1!$J29 -> -2.4943311 | N73: =[1]clean!$K58 -> 71.858158
A74: 38353 | B74: 2.7458387 | C74: #N/A | D74: #N/A | E74: #N/A | F74: -51.690507 | G74: -296.56276 | H74: 38353 | I74: =China!C78 -> 2.7458387 | J74: #N/A | K74: #N/A | L74: =china_clean!E74 -> #N/A | M74: =[2]Sheet1!$J30 -> -51.690507 | N74: =[1]clean!$K59 -> -296.56276
A75: 38443 | B75: 1.6799247 | C75: #N/A | D75: #N/A | E75: #N/A | F75: -27.071823 | G75: 1271.2854 | H75: 38443 | I75: =China!C79 -> 1.6799247 | J75: #N/A | K75: #N/A | L75: =china_clean!E75 -> #N/A | M75: =[2]Sheet1!$J31 -> -27.071823 | N75: =[1]clean!$K60 -> 1271.2854
A76: 38534 | B76: 1.3078226 | C76: #N/A | D76: #N/A | E76: #N/A | F76: -9.8576123 | G76: 149.2921 | H76: 38534 | I76: =China!C80 -> 1.3078226 | J76: #N/A | K76: #N/A | L76: =china_clean!E76 -> #N/A | M76: =[2]Sheet1!$J32 -> -9.8576123 | N76: =[1]clean!$K61 -> 149.2921
A77: 38626 | B77: 1.3795636 | C77: #N/A | D77: #N/A | E77: #N/A | F77: -3.9534884 | G77: 19.607284 | H77: 38626 | I77: =China!C81 -> 1.3795636 | J77: #N/A | K77: #N/A | L77: =china_clean!E77 -> #N/A | M77: =[2]Sheet1!$J33 -> -3.9534884 | N77: =[1]clean!$K62 -> 19.607284
A78: 38718 | B78: 1.4140944 | C78: 0.24077047 | D78: 11.072555 | E78: #N/A | F78: 11.709287 | G78: 39.321032 | H78: 38718 | I78: =China!C82 -> 1.4140944 | J78: =China!F6 -> 0.24077047 | K78: =[3]clean!$D14 -> 11.072555 | L78: =china_clean!E78 -> #N/A | M78: =[2]Sheet1!$J34 -> 11.709287 | N78: =[1]clean!$K63 -> 39.321032
A79: 38808 | B79: 1.6584302 | C79: 0.57034984 | D79: 9.3750728 | E79: #N/A | F79: 15.151515 | G79: 63.236875 | H79: 38808 | I79: =China!C83 -> 1.6584302 | J79: =China!F7 -> 0.57034984 | K79: =[3]clean!$D15 -> 9.3750728 | L79: =china_clean!E79 -> #N/A | M79: =[2]Sheet1!$J35 -> 15.151515 | N79: =[1]clean!$K64 -> 63.236875
A80: 38899 | B80: 1.5922425 | C80: 0.8037616 | D80: 8.9128363 | E80: #N/A | F80: 6.6828676 | G80: 69.701404 | H80: 38899 | I80: =China!C84 -> 1.5922425 | J80: =China!F8 -> 0.8037616 | K80: =[3]clean!$D16 -> 8.9128363 | L80: =china_clean!E80 -> #N/A | M80: =[2]Sheet1!$J36 -> 6.6828676 | N80: =[1]clean!$K65 -> 69.701404
A81: 38991 | B81: 1.932722 | C81: 0.83453699 | D81: 9.4886238 | E81: #N/A | F81: -5.6900726 | G81: 101.87409 | H81: 38991 | I81: =China!C85 -> 1.932722 | J81: =China!F9 -> 0.83453699 | K81: =[3]clean!$D17 -> 9.4886238 | L81: =china_clean!E81 -> #N/A | M81: =[2]Sheet1!$J37 -> -5.6900726 | N81: =[1]clean!$K66 -> 101.87409
A82: 39083 | B82: 2.7477034 | C82: 0.87670136 | D82: 16.745625 | E82: #N/A | F82: -13.13253 | G82: 101.29409 | H82: 39083 | I82: =China!C86 -> 2.7477034 | J82: =China!F10 -> 0.87670136 | K82: =[3]clean!$D18 -> 16.745625 | L82: =china_clean!E82 -> #N/A | M82: =[2]Sheet1!$J38 -> -13.13253 | N82: =[1]clean!$K67 -> 101.29409
A83: 39173 | B83: 3.6086357 | C83: 0.83469787 | D83: 14.249389 | E83: #N/A | F83: -14.364035 | G83: 74.454747 | H83: 39173 | I83: =China!C87 -> 3.6086357 | J83: =China!F11 -> 0.83469787 | K83: =[3]clean!$D19 -> 14.249389 | L83: =china_clean!E83 -> #N/A | M83: =[2]Sheet1!$J39 -> -14.364035 | N83: =[1]clean!$K68 -> 74.454747
A84: 39264 | B84: 6.1895851 | C84: 0.7853925 | D84: 14.114274 | E84: #N/A | F84: -9.2255125 | G84: 50.160145 | H84: 39264 | I84: =China!C88 -> 6.1895851 | J84: =China!F12 -> 0.7853925 | K84: =[3]clean!$D20 -> 14.114274 | L84: =china_clean!E84 -> #N/A | M84: =[2]Sheet1!$J40 -> -9.2255125 | N84: =[1]clean!$K69 -> 50.160145
A85: 39356 | B85: 6.7179408 | C85: 0.99474773 | D85: 14.959035 | E85: #N/A | F85: 2.0539153 | G85: 12.196886 | H85: 39356 | I85: =China!C89 -> 6.7179408 | J85: =China!F13 -> 0.99474773 | K85: =[3]clean!$D21 -> 14.959035 | L85: =china_clean!E85 -> #N/A | M85: =[2]Sheet1!$J41 -> 2.0539153 | N85: =[1]clean!$K70 -> 12.196886
A86: 39448 | B86: 8.096567 | C86: 1.1230604 | D86: 10.028822 | E86: #N/A | F86: 3.3287101 | G86: -10.924767 | H86: 39448 | I86: =China!C90 -> 8.096567 | J86: =China!F14 -> 1.1230604 | K86: =[3]clean!$D22 -> 10.028822 | L86: =china_clean!E86 -> #N/A | M86: =[2]Sheet1!$J42 -> 3.3287101 | N86: =[1]clean!$K71 -> -10.924767
A87: 39539 | B87: 7.8634592 | C87: 1.1684094 | D87: 13.669894 | E87: #N/A | F87: 2.220446e-14 | G87: -12.610599 | H87: 39539 | I87: =China!C91 -> 7.8634592 | J87: =China!F15 -> 1.1684094 | K87: =[3]clean!$D23 -> 13.669894 | L87: =china_clean!E87 -> #N/A | M87: =[2]Sheet1!$J43 -> 2.220446e-14 | N87: =[1]clean!$K72 -> -12.610599
A88: 39630 | B88: 5.3131014 | C88: 1.3093354 | D88: 12.852111 | E88: #N/A | F88: 3.2622334 | G88: 13.950531 | H88: 39630 | I88: =China!C92 -> 5.3131014 | J88: =China!F16 -> 1.3093354 | K88: =[3]clean!$D24 -> 12.852111 | L88: =china_clean!E88 -> #N/A | M88: =[2]Sheet1!$J44 -> 3.2622334 | N88: =[1]clean!$K73 -> 13.950531
A89: 39722 | B89: 2.5804934 | C89: 0.29942479 | D89: 12.456952 | E89: #N/A | F89: 0.75471698 | G89: 50.368987 | H89: 39722 | I89: =China!C93 -> 2.5804934 | J89: =China!F17 -> 0.29942479 | K89: =[3]clean!$D25 -> 12.456952 | L89: =china_clean!E89 -> #N/A | M89: =[2]Sheet1!$J45 -> 0.75471698 | N89: =[1]clean!$K74 -> 50.368987
... A125: 43009 | B125: 1.8223247 | C125: 2.1572083 | D125: 7.0781953 | E125: #N/A | F125: -12.145749 | G125: -1.2928268 | H125: 43009 | I125: =China!C129 -> 1.8223247 | J125: =China!F53 -> 2.1572083 | K125: =[3]clean!$D61 -> 7.0781953 | L125: =china_clean!E125 -> #N/A | M125: =[2]Sheet1!$J81 -> -12.145749 | N125: =[1]clean!$K110 -> -1.2928268
A126: 43101 | B126: 2.1262898 | C126: 1.9686832 | D126: 7.6313595 | E126: 24.14956 | F126: -13.703704 | G126: -25.60675 | H126: 43101 | I126: =China!C130 -> 2.1262898 | J126: =China!F54 -> 1.9686832 | K126: =[3]clean!$D62 -> 7.6313595 | L126: =china_clean!E126 -> 24.14956 | M126: =[2]Sheet1!$J82 -> -13.703704 | N126: =[1]clean!$K111 -> -25.60675
A127: 43191 | B127: 1.7118938 | C127: 1.7525522 | D127: 8.7714453 | E127: 21.038854 | F127: -26.819923 | G127: -22.973685 | H127: 43191 | I127: =China!C131 -> 1.7118938 | J127: =China!F55 -> 1.7525522 | K127: =[3]clean!$D63 -> 8.7714453 | L127: =china_clean!E127 -> 21.038854 | M127: =[2]Sheet1!$J83 -> -26.819923 | N127: =[1]clean!$K112 -> -22.973685
A128: 43282 | B128: 2.2859011 | C128: 1.6703053 | D128: 8.5028191 | E128: 19.873096 | F128: -31.355932 | G128: -25.070142 | H128: 43282 | I128: =China!C132 -> 2.2859011 | J128: =China!F56 -> 1.6703053 | K128: =[3]clean!$D64 -> 8.5028191 | L128: =china_clean!E128 -> 19.873096 | M128: =[2]Sheet1!$J84 -> -31.355932 | N128: =[1]clean!$K113 -> -25.070142
A129: 43374 | B129: 2.1732128 | C129: 1.7114071 | D129: 8.3551876 | E129: 18.065058 | F129: -19.354839 | G129: 2.2146705 | H129: 43374 | I129: =China!C133 -> 2.1732128 | J129: =China!F57 -> 1.7114071 | K129: =[3]clean!$D65 -> 8.3551876 | L129: =china_clean!E129 -> 18.065058 | M129: =[2]Sheet1!$J85 -> -19.354839 | N129: =[1]clean!$K114 -> 2.2146705
A130: 43466 | B130: 1.8296514 | C130: 1.8482256 | D130: 7.2743123 | E130: 18.979568 | F130: -20.600858 | G130: 62.152245 | H130: 43466 | I130: =China!C134 -> 1.8296514 | J130: =China!F58 -> 1.8482256 | K130: =[3]clean!$D66 -> 7.2743123 | L130: =china_clean!E130 -> 18.979568 | M130: =[2]Sheet1!$J86 -> -20.600858 | N130: =[1]clean!$K115 -> 62.152245
A131: 43556 | B131: 2.66751 | C131: 1.7223668 | D131: 7.5080654 | E131: 19.123506 | F131: -8.3769634 | G131: 14.687221 | H131: 43556 | I131: =China!C135 -> 2.66751 | J131: =China!F59 -> 1.7223668 | K131: =[3]clean!$D67 -> 7.5080654 | L131: =china_clean!E131 -> 19.123506 | M131: =[2]Sheet1!$J87 -> -8.3769634 | N131: =[1]clean!$K116 -> 14.687221
A132: 43647 | B132: 2.8643328 | C132: 1.7383006 | D132: 8.2856243 | E132: 16.154986 | F132: 2.4691358 | G132: 39.921071 | H132: 43647 | I132: =China!C136 -> 2.8643328 | J132: =China!F60 -> 1.7383006 | K132: =[3]clean!$D68 -> 8.2856243 | L132: =china_clean!E132 -> 16.154986 | M132: =[2]Sheet1!$J88 -> 2.4691358 | N132: =[1]clean!$K117 -> 39.921071
A133: 43739 | B133: 4.222712 | C133: 1.5096004 | D133: 8.5931597 | E133: 14.131761 | F133: -9.7142857 | G133: -3.5359158 | H133: 43739 | I133: =China!C137 -> 4.222712 | J133: =China!F61 -> 1.5096004 | K133: =[3]clean!$D69 -> 8.5931597 | L133: =china_clean!E133 -> 14.131761 | M133: =[2]Sheet1!$J89 -> -9.7142857 | N133: =[1]clean!$K118 -> -3.5359158
A134: 43831 | B134: 4.9566444 | C134: 1.2041691 | D134: -8.2257336 | E134: 15.614453 | F134: -451.89189 | G134: -83.029555 | H134: 43831 | I134: =China!C138 -> 4.9566444 | J134: =China!F62 -> 1.2041691 | K134: =[3]clean!$D70 -> -8.2257336 | L134: =china_clean!E134 -> 15.614453 | M134: =[2]Sheet1!$J90 -> -451.89189 | N134: =[1]clean!$K119 -> -83.029555
A135: 43922 | B135: 2.7219281 | C135: 0.93244017 | D135: -5.9285898 | E135: 16.521739 | F135: -212.57143 | G135: 47.983797 | H135: 43922 | I135: =China!C139 -> 2.7219281 | J135: =China!F63 -> 0.93244017 | K135: =[3]clean!$D71 -> -5.9285898 | L135: =china_clean!E135 -> 16.521739 | M135: =[2]Sheet1!$J91 -> -212.57143 | N135: =[1]clean!$K120 -> 47.983797
A136: 44013 | B136: 1.958395 | C136: 0.38862273 | D136: -3.5001329 | E136: 18.465184 | F136: -106.62651 | G136: 33.475491 | H136: 44013 | I136: =China!C140 -> 1.958395 | J136: =China!F64 -> 0.38862273 | K136: =[3]clean!$D72 -> -3.5001329 | L136: =china_clean!E136 -> 18.465184 | M136: =[2]Sheet1!$J92 -> -106.62651 | N136: =[1]clean!$K121 -> 33.475491
A137: 44105 | B137: 0.12004595 | C137: 0.41439695 | D137: -1.6188135 | E137: 21.468021 | F137: -53.797468 | G137: 66.233827 | H137: 44105 | I137: =China!C141 -> 0.12004595 | J137: =China!F65 -> 0.41439695 | K137: =[3]clean!$D73 -> -1.6188135 | L137: =china_clean!E137 -> 21.468021 | M137: =[2]Sheet1!$J93 -> -53.797468 | N137: =[1]clean!$K122 -> 66.233827
... A149: 45200 | B149: -0.32258065 | C149: 0.64268617 | D149: 9.202054 | E149: 15.059939 | F149: -45.679012 | G149: -7.6028065 | H149: 45200 | I149: =China!C153 -> -0.32258065 | J149: =China!F77 -> 0.64268617 | K149: =[3]clean!$D85 -> 9.202054 | L149: =china_clean!E149 -> 15.059939 | M149: =[2]Sheet1!$J105 -> -45.679012 | N149: =[1]clean!$K134 -> -7.6028065
A150: 45292 | B150: #N/A | C150: #N/A | D150: 8.3259127 | E150: 15.160572 | F150: -19.875776 | G150: 1.1618481 | H150: 45292 | I150: #N/A | J150: #N/A | K150: =[3]clean!$D86 -> 8.3259127 | L150: =china_clean!E150 -> 15.160572 | M150: =[2]Sheet1!$J106 -> -19.875776 | N150: =[1]clean!$K135 -> 1.1618481
A151: 45383 | B151: #N/A | C151: #N/A | D151: 6.7666222 | E151: 14.491987 | F151: -3.2 | G151: 14.846479 | H151: 45383 | I151: #N/A | J151: #N/A | K151: =[3]clean!$D87 -> 6.7666222 | L151: =china_clean!E151 -> 14.491987 | M151: =[2]Sheet1!$J107 -> -3.2 | N151: =[1]clean!$K136 -> 14.846479
A152: 45474 | B152: #N/A | C152: #N/A | D152: 5.6374808 | E152: 15.85497 | F152: 7.2164948 | G152: 16.592847 | H152: 45474 | I152: #N/A | J152: #N/A | K152: =[3]clean!$D88 -> 5.6374808 | L152: =china_clean!E152 -> 15.85497 | M152: =[2]Sheet1!$J108 -> 7.2164948 | N152: =[1]clean!$K137 -> 16.592847
A153: 45566 | B153: #N/A | C153: #N/A | D153: 5.3405359 | E153: #N/A | F153: -61.363636 | G153: -52.123836 | H153: 45566 | I153: #N/A | J153: #N/A | K153: =[3]clean!$D89 -> 5.3405359 | L153: =china_clean!E153 -> #N/A | M153: =[2]Sheet1!$J109 -> -61.363636 | N153: =[1]clean!$K138 -> -52.123836
A154: 45658 | B154: #N/A | C154: #N/A | D154: #N/A | E154: #N/A | F154: #N/A | G154: #N/A | H154: 45658 | I154: #N/A | J154: #N/A | K154: #N/A | L154: #N/A | M154: #N/A | N154: #N/A

Sheet china_clean
A1: Date | B1: headline_cpi_yy | C1: core_cpi_yy | D1: cons_yy | E1: g_yy | F1: gfcf_yy | G1: exports_yy
A2: 31778 | B2: =China!$C6 -> 5.4335971 | C2: #N/A | D2: #N/A | E2: #N/A | F2: #N/A | G2: #N/A
A3: 31868 | B3: =China!$C7 -> 7.3663783 | C3: #N/A | D3: #N/A | E3: #N/A | F3: #N/A | G3: #N/A
A4: 31959 | B4: =China!$C8 -> 7.8980596 | C4: #N/A | D4: #N/A | E4: #N/A | F4: #N/A | G4: #N/A
A5: 32051 | B5: =China!$C9 -> 8.2354403 | C5: #N/A | D5: #N/A | E5: #N/A | F5: #N/A | G5: #N/A
A6: 32143 | B6: =China!$C10 -> 10.335884 | C6: #N/A | D6: #N/A | E6: #N/A | F6: #N/A | G6: #N/A
A7: 32234 | B7: =China!$C11 -> 14.240437 | C7: #N/A | D7: #N/A | E7: #N/A | F7: #N/A | G7: #N/A
A8: 32325 | B8: =China!$C12 -> 23.085678 | C8: #N/A | D8: #N/A | E8: #N/A | F8: #N/A | G8: #N/A
A9: 32417 | B9: =China!$C13 -> 27.269331 | C9: #N/A | D9: #N/A | E9: #N/A | F9: #N/A | G9: #N/A
A10: 32509 | B10: =China!$C14 -> 27.630169 | C10: #N/A | D10: #N/A | E10: #N/A | F10: #N/A | G10: #N/A
A11: 32599 | B11: =China!$C15 -> 24.737298 | C11: #N/A | D11: #N/A | E11: #N/A | F11: #N/A | G11: #N/A
A12: 32690 | B12: =China!$C16 -> 15.29969 | C12: #N/A | D12: #N/A | E12: #N/A | F12: #N/A | G12: #N/A
A13: 32782 | B13: =China!$C17 -> 7.5241034 | C13: #N/A | D13: #N/A | E13: #N/A | F13: #N/A | G13: #N/A
... A77: 38626 | B77: =China!$C81 -> 1.3795636 | C77: #N/A | D77: #N/A | E77: #N/A | F77: #N/A | G77: #N/A
A78: 38718 | B78: =China!$C82 -> 1.4140944 | C78: =China!$F6 -> 0.24077047 | D78: #N/A | E78: #N/A | F78: #N/A | G78: #N/A
A79: 38808 | B79: =China!$C83 -> 1.6584302 | C79: =China!$F7 -> 0.57034984 | D79: #N/A | E79: #N/A | F79: #N/A | G79: #N/A
A80: 38899 | B80: =China!$C84 -> 1.5922425 | C80: =China!$F8 -> 0.8037616 | D80: #N/A | E80: #N/A | F80: #N/A | G80: #N/A
A81: 38991 | B81: =China!$C85 -> 1.932722 | C81: =China!$F9 -> 0.83453699 | D81: #N/A | E81: #N/A | F81: #N/A | G81: #N/A
A82: 39083 | B82: =China!$C86 -> 2.7477034 | C82: =China!$F10 -> 0.87670136 | D82: #N/A | E82: #N/A | F82: #N/A | G82: #N/A
A83: 39173 | B83: =China!$C87 -> 3.6086357 | C83: =China!$F11 -> 0.83469787 | D83: #N/A | E83: #N/A | F83: #N/A | G83: #N/A
A84: 39264 | B84: =China!$C88 -> 6.1895851 | C84: =China!$F12 -> 0.7853925 | D84: #N/A | E84: #N/A | F84: #N/A | G84: #N/A
A85: 39356 | B85: =China!$C89 -> 6.7179408 | C85: =China!$F13 -> 0.99474773 | D85: #N/A | E85: #N/A | F85: #N/A | G85: #N/A
A86: 39448 | B86: =China!$C90 -> 8.096567 | C86: =China!$F14 -> 1.1230604 | D86: #N/A | E86: #N/A | F86: #N/A | G86: #N/A
A87: 39539 | B87: =China!$C91 -> 7.8634592 | C87: =China!$F15 -> 1.1684094 | D87: #N/A | E87: #N/A | F87: #N/A | G87: #N/A
A88: 39630 | B88: =China!$C92 -> 5.3131014 | C88: =China!$F16 -> 1.3093354 | D88: #N/A | E88: #N/A | F88: #N/A | G88: #N/A
A89: 39722 | B89: =China!$C93 -> 2.5804934 | C89: =China!$F17 -> 0.29942479 | D89: #N/A | E89: #N/A | F89: #N/A | G89: #N/A
... A119: 42461 | B119: =China!$C123 -> 2.1091359 | C119: =China!$F47 -> 1.4600123 | D119: #N/A | E119: #N/A | F119: #N/A | G119: #N/A
A120: 42552 | B120: =China!$C124 -> 1.6289919 | C120: =China!$F48 -> 1.7043817 | D120: =China!$I6 -> 14.498083 | E120: #N/A | F120: #N/A | G120: #N/A
A121: 42644 | B121: =China!$C125 -> 2.1609088 | C121: =China!$F49 -> 1.9293644 | D121: =China!$I7 -> -34.483404 | E121: #N/A | F121: #N/A | G121: #N/A
A122: 42736 | B122: =China!$C126 -> 1.4379056 | C122: =China!$F50 -> 2.1725125 | D122: =China!$I8 -> -9.6291945 | E122: #N/A | F122: #N/A | G122: #N/A
A123: 42826 | B123: =China!$C127 -> 1.5081945 | C123: =China!$F51 -> 2.2297418 | D123: =China!$I9 -> -13.449822 | E123: #N/A | F123: #N/A | G123: #N/A
A124: 42917 | B124: =China!$C128 -> 1.6028775 | C124: =China!$F52 -> 2.2391497 | D124: =China!$I10 -> 8.8073307 | E124: #N/A | F124: #N/A | G124: #N/A
A125: 43009 | B125: =China!$C129 -> 1.8223247 | C125: =China!$F53 -> 2.1572083 | D125: =China!$I11 -> -0.91457534 | E125: #N/A | F125: #N/A | G125: =China!$R6 -> -18.265213
A126: 43101 | B126: =China!$C130 -> 2.1262898 | C126: =China!$F54 -> 1.9686832 | D126: =China!$I12 -> 0.13037817 | E126: =China!$L6 -> 24.14956 | F126: #N/A | G126: =China!$R7 -> 62.152245
A127: 43191 | B127: =China!$C131 -> 1.7118938 | C127: =China!$F55 -> 1.7525522 | D127: =China!$I13 -> -9.4333681 | E127: =China!$L7 -> 21.038854 | F127: #N/A | G127: =China!$R8 -> 14.687221
A128: 43282 | B128: =China!$C132 -> 2.2859011 | C128: =China!$F56 -> 1.6703053 | D128: =China!$I14 -> -14.02437 | E128: =China!$L8 -> 19.873096 | F128: #N/A | G128: =China!$R9 -> 39.921071
A129: 43374 | B129: =China!$C133 -> 2.1732128 | C129: =China!$F57 -> 1.7114071 | D129: =China!$I15 -> -7.3773817 | E129: =China!$L9 -> 18.065058 | F129: #N/A | G129: =China!$R10 -> -3.5359158
A130: 43466 | B130: =China!$C134 -> 1.8296514 | C130: =China!$F58 -> 1.8482256 | D130: =China!$I16 -> -23.051061 | E130: =China!$L10 -> 18.979568 | F130: #N/A | G130: =China!$R11 -> -83.029555
A131: 43556 | B131: =China!$C135 -> 2.66751 | C131: =China!$F59 -> 1.7223668 | D131: =China!$I17 -> -32.022448 | E131: =China!$L11 -> 19.123506 | F131: #N/A | G131: =China!$R12 -> 47.983797
A132: 43647 | B132: =China!$C136 -> 2.8643328 | C132: =China!$F60 -> 1.7383006 | D132: =China!$I18 -> -23.222871 | E132: =China!$L12 -> 16.154986 | F132: #N/A | G132: =China!$R13 -> 33.475491
A133: 43739 | B133: =China!$C137 -> 4.222712 | C133: =China!$F61 -> 1.5096004 | D133: =China!$I19 -> -17.137269 | E133: =China!$L13 -> 14.131761 | F133: #N/A | G133: =China!$R14 -> 66.233827
A134: 43831 | B134: =China!$C138 -> 4.9566444 | C134: =China!$F62 -> 1.2041691 | D134: =China!$I20 -> -12.12684 | E134: =China!$L14 -> 15.614453 | F134: #N/A | G134: =China!$R15 -> 772.51495
A135: 43922 | B135: =China!$C139 -> 2.7219281 | C135: =China!$F63 -> 0.93244017 | D135: =China!$I21 -> -0.65832037 | E135: =China!$L15 -> 16.521739 | F135: #N/A | G135: =China!$R16 -> -13.691451
A136: 44013 | B136: =China!$C140 -> 1.958395 | C136: =China!$F64 -> 0.38862273 | D136: =China!$I22 -> -8.580923 | E136: =China!$L16 -> 18.465184 | F136: #N/A | G136: =China!$R17 -> 15.089044
A137: 44105 | B137: =China!$C141 -> 0.12004595 | C137: =China!$F65 -> 0.41439695 | D137: =China!$I23 -> -11.831617 | E137: =China!$L17 -> 21.468021 | F137: #N/A | G137: =China!$R18 -> 17.538797
... A141: 44470 | B141: =China!$C145 -> 1.7824603 | C141: =China!$F69 -> 1.0450295 | D141: =China!$I27 -> -4.0393013 | E141: =China!$L21 -> 14.432385 | F141: #N/A | G141: =China!$R22 -> -13.010338
A142: 44562 | B142: =China!$C146 -> 1.1535926 | C142: =China!$F70 -> 0.97716622 | D142: =China!$I28 -> -27.19862 | E142: =China!$L22 -> 16.407203 | F142: =China!$O6 -> -64.521452 | G142: =China!$R23 -> 21.992409
A143: 44652 | B143: =China!$C147 -> 2.2553897 | C143: =China!$F71 -> 0.69768211 | D143: =China!$I29 -> -16.255112 | E143: =China!$L23 -> 17.812042 | F143: =China!$O7 -> -60.125261 | G143: =China!$R24 -> 1.8765936
A144: 44743 | B144: =China!$C148 -> 2.6516407 | C144: =China!$F72 -> 0.52471784 | D144: =China!$I30 -> -6.3469865 | E144: =China!$L24 -> 17.956989 | F144: =China!$O8 -> -34.339623 | G144: =China!$R25 -> -13.851181
A145: 44835 | B145: =China!$C149 -> 1.8396846 | C145: =China!$F73 -> 0.44794308 | D145: =China!$I31 -> -18.269733 | E145: =China!$L25 -> 14.938477 | F145: =China!$O9 -> 0 | G145: =China!$R26 -> -7.7806364
A146: 44927 | B146: =China!$C150 -> 1.2381883 | C146: =China!$F74 -> 0.56943484 | D146: =China!$I32 -> -16.377757 | E146: =China!$L26 -> 13.416739 | F146: =China!$O10 -> -50.697674 | G146: =China!$R27 -> 0.52996601
A147: 45017 | B147: =China!$C151 -> 0.097307817 | C147: =China!$F75 -> 0.42358968 | D147: =China!$I33 -> -14.462113 | E147: =China!$L27 -> 11.968495 | F147: =China!$O11 -> -34.554974 | G147: =China!$R28 -> 14.518243
A148: 45108 | B148: =China!$C152 -> -0.064578624 | C148: =China!$F76 -> 0.7189521 | D148: =China!$I34 -> -2.7875919 | E148: =China!$L28 -> 11.252279 | F148: =China!$O12 -> -44.252874 | G148: =China!$R29 -> 16.327147
A149: 45200 | B149: =China!$C153 -> -0.32258065 | C149: =China!$F77 -> 0.64268617 | D149: =China!$I35 -> -94.783704 | E149: =China!$L29 -> 15.059939 | F149: =China!$O13 -> -45.679012 | G149: =China!$R30 -> 49.256213
A150: 45292 | B150: #N/A | C150: #N/A | D150: #N/A | E150: =China!$L30 -> 15.160572 | F150: =China!$O14 -> -17.924528 | G150: #N/A
A151: 45383 | B151: #N/A | C151: #N/A | D151: #N/A | E151: =China!$L31 -> 14.491987 | F151: =China!$O15 -> -3.2 | G151: #N/A
A152: 45474 | B152: #N/A | C152: #N/A | D152: #N/A | E152: =China!$L32 -> 15.85497 | F152: =China!$O16 -> 7.2164948 | G152: #N/A
A153: 45566 | B153: #N/A | C153: #N/A | D153: #N/A | E153: #N/A | F153: =China!$O17 -> 12.5 | G153: #N/A

Sheet Russia
A1: Year | B1: headline_cpi_quarterly | C1: headline_yy | D1: Year | E1: core_cpi_quarterly | F1: core_yy | G1: observation_date | H1: ex_rate_quarterly_avg | I1: Year | J1: cons_quarterly(constant prices) | K1: cons_quarterly($) | L1: cons_yy | N1: Year | O1: g_quarterly (constant prices) | P1: g_yy | R1: Year | S1: gfcf_quarterly(constant prices) | T1: gfcf_yy | W1: Year | X1: exports_q | Y1: imports_q | Z1: netx_q | AA1: net_q($) | AB1: netx_yy)
A2: 33786 | B2: 0.055871122 | C2: N/A | D2: 37622 | E2: 33.55 | F2: N/A | G2: 37622 | H2: 31.660754 | I2: 37622 | J2: 3842792875000 | K2: =J2/H2 -> 1.2137402e+11 | L2: N/A | N2: 37622 | O2: 2417846988000 | P2: N/A | R2: 37622 | S2: 1406879081000 | T2: N/A | W2: 17168
A3: 33878 | B3: 0.096837822 | C3: N/A | D3: 37712 | E3: 34.318333 | F3: N/A | G3: 37712 | H3: 30.876894 | I3: 37712 | J3: 3952606121000 | K3: =J3/H3 -> 1.2801178e+11 | L3: N/A | N3: 37712 | O3: 2429517794000 | P3: N/A | R3: 37712 | S3: 1465694647000 | T3: N/A | W3: 17258
A4: 33970 | B4: 0.1875644 | C4: N/A | D4: 37803 | E4: 35.185667 | F4: N/A | G4: 37803 | H4: 30.42834 | I4: 37803 | J4: 4048003357000 | K4: =J4/H4 -> 1.3303399e+11 | L4: N/A | N4: 37803 | O4: 2437807646000 | P4: N/A | R4: 37803 | S4: 1526610240000 | T4: N/A | W4: 17349
A5: 34060 | B5: 0.32028933 | C5: N/A | D5: 37895 | E5: 36.276333 | F5: N/A | G5: 37895 | H5: 29.800052 | I5: 37895 | J5: 4179970987000 | K5: =J5/H5 -> 1.4026724e+11 | L5: N/A | N5: 37895 | O5: 2446990240000 | P5: N/A | R5: 37895 | S5: 1579313660000 | T5: N/A | W5: 17441
A6: 34151 | B6: 0.58796632 | C6: =(B6/B2-1)*100 -> 952.36175 | D6: 37987 | E6: 37.146667 | F6: =(E6/E2-1)*100 -> 10.720318 | G6: 37987 | H6: 28.630306 | I6: 37987 | J6: 4314922147000 | K6: =J6/H6 -> 1.507117e+11 | L6: =(K6/K2-1)*100 -> 24.171305 | N6: 37987 | O6: 2479343626000 | P6: =(O6/O2-1)*100 -> 2.5434462 | R6: 37987 | S6: 1630702641000 | T6: =(S6/S2-1)*100 -> 15.909225 | W6: 17533
A7: 34243 | B7: 0.99279848 | C7: =(B7/B3-1)*100 -> 925.21769 | D7: 38078 | E7: 38.043 | F7: =(E7/E3-1)*100 -> 10.853285 | G7: 38078 | H7: 28.873074 | I7: 38078 | J7: 4401045669000 | K7: =J7/H7 -> 1.5242733e+11 | L7: =(K7/K3-1)*100 -> 19.072896 | N7: 38078 | O7: 2481315289000 | P7: =(O7/O3-1)*100 -> 2.1320072 | R7: 38078 | S7: 1662166498000 | T7: =(S7/S3-1)*100 -> 13.404692 | W7: 17624
A8: 34335 | B8: 1.4555663 | C8: =(B8/B4-1)*100 -> 676.0355 | D8: 38169 | E8: 38.973667 | F8: =(E8/E4-1)*100 -> 10.765747 | G8: 38169 | H8: 29.166348 | I8: 38169 | J8: 4556414362000 | K8: =J8/H8 -> 1.5622163e+11 | L8: =(K8/K4-1)*100 -> 17.42986 | N8: 38169 | O8: 2486009847000 | P8: =(O8/O4-1)*100 -> 1.9772766 | R8: 38169 | S8: 1683051294000 | T8: =(S8/S4-1)*100 -> 10.247609 | W8: 17715
A9: 34425 | B9: 1.8248786 | C9: =(B9/B5-1)*100 -> 469.75943 | D9: 38261 | E9: 40.050667 | F9: =(E9/E5-1)*100 -> 10.404396 | G9: 38261 | H9: 28.526925 | I9: 38261 | J9: 4660747187000 | K9: =J9/H9 -> 1.6338064e+11 | L9: =(K9/K5-1)*100 -> 16.478115 | N9: 38261 | O9: 2492054155000 | P9: =(O9/O5-1)*100 -> 1.8416058 | R9: 38261 | S9: 1717992621000 | T9: =(S9/S5-1)*100 -> 8.7809638 | W9: 17807
A10: 34516 | B10: 2.1601223 | C10: =(B10/B6-1)*100 -> 267.38878 | D10: 38353 | E10: 41.028667 | F10: =(E10/E6-1)*100 -> 10.450467 | G10: 38353 | H10: 27.819798 | I10: 38353 | J10: 4782656250000 | K10: =J10/H10 -> 1.7191556e+11 | L10: =(K10/K6-1)*100 -> 14.069153 | N10: 38353 | O10: 2491722973000 | P10: =(O10/O6-1)*100 -> 0.49929937 | R10: 38353 | S10: 1763000738000 | T10: =(S10/S6-1)*100 -> 8.1129504 | W10: 17899
A11: 34608 | B11: 3.0752033 | C11: =(B11/B7-1)*100 -> 209.75101 | D11: 38443 | E11: 42.075667 | F11: =(E11/E7-1)*100 -> 10.600286 | G11: 38443 | H11: 28.068362 | I11: 38443 | J11: 4953769917000 | K11: =J11/H11 -> 1.7648945e+11 | L11: =(K11/K7-1)*100 -> 15.785961 | N11: 38443 | O11: 2499866851000 | P11: =(O11/O7-1)*100 -> 0.74765033 | R11: 38443 | S11: 1804665855000 | T11: =(S11/S7-1)*100 -> 8.5731097 | W11: 17989
A12: 34700 | B12: 4.6096646 | C12: =(B12/B8-1)*100 -> 216.69217 | D12: 38534 | E12: 42.912333 | F12: =(E12/E8-1)*100 -> 10.105969 | G12: 38534 | H12: 28.416513 | I12: 38534 | J12: 5085606893000 | K12: =J12/H12 -> 1.7896661e+11 | L12: =(K12/K8-1)*100 -> 14.559433 | N12: 38534 | O12: 2530136602000 | P12: =(O12/O8-1)*100 -> 1.7750032 | R12: 38534 | S12: 1870190249000 | T12: =(S12/S8-1)*100 -> 11.119029 | W12: 18080
A13: 34790 | B13: 5.8849432 | C13: =(B13/B9-1)*100 -> 222.48409 | D13: 38626 | E13: 43.592 | F13: =(E13/E9-1)*100 -> 8.8421333 | G13: 38626 | H13: 28.673791 | I13: 38626 | J13: 5211337595000 | K13: =J13/H13 -> 1.8174568e+11 | L13: =(K13/K9-1)*100 -> 11.24065 | N13: 38626 | O13: 2560306277000 | P13: =(O13/O9-1)*100 -> 2.7387897 | R13: 38626 | S13: 1936297306000 | T13: =(S13/S9-1)*100 -> 12.706963 | W13: 18172
A14: 34881 | B14: 6.9343682 | C14: =(B14/B10-1)*100 -> 221.01739 | D14: 38718 | E14: 44.566667 | F14: =(E14/E10-1)*100 -> 8.623239 | G14: 38718 | H14: 28.12795 | I14: 38718 | J14: 5351000352000 | K14: =J14/H14 -> 1.9023783e+11 | L14: =(K14/K10-1)*100 -> 10.657716 | N14: 38718 | O14: 2550571199000 | P14: =(O14/O10-1)*100 -> 2.3617483 | R14: 38718 | S14: 2010986761000 | T14: =(S14/S10-1)*100 -> 14.066133 | W14: 18264
A15: 34973 | B15: 7.8981405 | C15: =(B15/B11-1)*100 -> 156.83312 | D15: 38808 | E15: 45.432667 | F15: =(E15/E11-1)*100 -> 7.9784832 | G15: 38808 | H15: 27.182551 | I15: 38808 | J15: 5516111626000 | K15: =J15/H15 -> 2.029284e+11 | L15: =(K15/K11-1)*100 -> 14.980472 | N15: 38808 | O15: 2577042916000 | P15: =(O15/O11-1)*100 -> 3.087207 | R15: 38808 | S15: 2117840988000 | T15: =(S15/S11-1)*100 -> 17.353635 | W15: 18354
A16: 35065 | B16: 8.7590322 | C16: =(B16/B12-1)*100 -> 90.014523 | D16: 38899 | E16: 46.294333 | F16: =(E16/E12-1)*100 -> 7.8811841 | G16: 38899 | H16: 26.806153 | I16: 38899 | J16: 5672059480000 | K16: =J16/H16 -> 2.1159543e+11 | L16: =(K16/K12-1)*100 -> 18.231792 | N16: 38899 | O16: 2593718639000 | P16: =(O16/O12-1)*100 -> 2.5129883 | R16: 38899 | S16: 2227736974000 | T16: =(S16/S12-1)*100 -> 19.118201 | W16: 18445
A17: 35156 | B17: 9.3306808 | C17: =(B17/B13-1)*100 -> 58.551756 | D17: 38991 | E17: 46.980667 | F17: =(E17/E13-1)*100 -> 7.7735976 | G17: 38991 | H17: 26.583998 | I17: 38991 | J17: 5893204885000 | K17: =J17/H17 -> 2.2168242e+11 | L17: =(K17/K13-1)*100 -> 21.973967 | N17: 38991 | O17: 2593711033000 | P17: =(O17/O13-1)*100 -> 1.3047172 | R17: 38991 | S17: 2339071463000 | T17: =(S17/S13-1)*100 -> 20.801256 | W17: 18537
... A57: 38808 | B57: 67.117729 | C57: =(B57/B53-1)*100 -> 9.4025952 | D57: 42644 | E57: 109.68633 | F57: =(E57/E53-1)*100 -> 6.1597078 | G57: 42644 | H57: 63.01869 | I57: 42644 | J57: 7590981953000 | K57: =J57/H57 -> 1.2045604e+11 | L57: =(K57/K53-1)*100 -> 3.6693764 | N57: 42644 | O57: 2584419873000 | P57: =(O57/O53-1)*100 -> 0.15206939 | R57: 42644 | S57: 2901996986000 | T57: =(S57/S53-1)*100 -> 1.1171143 | W57: 22190
A58: 38899 | B58: 67.907549 | C58: =(B58/B54-1)*100 -> 9.4374733 | D58: 42736 | E58: 110.25133 | F58: =(E58/E54-1)*100 -> 5.0259426 | G58: 42736 | H58: 58.722443 | W58: 22282
A59: 38991 | B59: 68.648666 | C59: =(B59/B55-1)*100 -> 9.056747 | D59: 42826 | E59: 110.78967 | F59: =(E59/E55-1)*100 -> 3.8179456 | G59: 42826 | H59: 57.200229 | W59: 22372
A60: 39083 | B60: 70.975122 | C60: =(B60/B56-1)*100 -> 7.7220691 | D60: 42917 | E60: 111.625 | F60: =(E60/E56-1)*100 -> 2.9424875 | G60: 42917 | H60: 58.944183 | W60: 22463
A61: 39173 | B61: 72.453832 | C61: =(B61/B57-1)*100 -> 7.9503632 | D61: 43009 | E61: 112.17567 | F61: =(E61/E57-1)*100 -> 2.2695018 | G61: 43009 | H61: 58.434955 | W61: 22555
A62: 39264 | B62: 73.937365 | C62: =(B62/B58-1)*100 -> 8.8794496 | D62: 43101 | E62: 112.42367 | F62: =(E62/E58-1)*100 -> 1.9703465 | G62: 43101 | H62: 56.910848 | W62: 22647
A63: 39356 | B63: 76.475069 | C63: =(B63/B59-1)*100 -> 11.400663 | D63: 43191 | E63: 113.14233 | F63: =(E63/E59-1)*100 -> 2.1235434 | G63: 43191 | H63: 62.06884 | W63: 22737
A64: 39448 | B64: 80.101792 | C64: =(B64/B60-1)*100 -> 12.85897 | D64: 43282 | E64: 114.5 | F64: =(E64/E60-1)*100 -> 2.5755879 | G64: 43282 | H64: 65.616691 | W64: 22828
A65: 39539 | B65: 83.219502 | C65: =(B65/B61-1)*100 -> 14.858662 | D65: 43374 | E65: 115.94967 | F65: =(E65/E61-1)*100 -> 3.364366 | G65: 43374 | H65: 66.625095 | W65: 22920
A66: 39630 | B66: 84.986535 | C66: =(B66/B62-1)*100 -> 14.943959 | D66: 43466 | E66: 117.442 | F66: =(E66/E62-1)*100 -> 4.4637695 | G66: 43466 | H66: 65.956176 | W66: 23012
A67: 39722 | B67: 86.996835 | C67: =(B67/B63-1)*100 -> 13.758427 | D67: 43556 | E67: 118.34767 | F67: =(E67/E63-1)*100 -> 4.6006947 | G67: 43556 | H67: 64.536991 | W67: 23102
A68: 39814 | B68: 91.098042 | C68: =(B68/B64-1)*100 -> 13.727845 | D68: 43647 | E68: 119.332 | F68: =(E68/E64-1)*100 -> 4.2200873 | G68: 43647 | H68: 64.663574 | W68: 23193
A69: 39904 | B69: 93.565965 | C69: =(B69/B65-1)*100 -> 12.432739 | D69: 43739 | E69: 119.97033 | F69: =(E69/E65-1)*100 -> 3.4675966 | G69: 43739 | H69: 63.686968 | W69: 23285
... A85: 41365 | B85: 120.78913 | C85: =(B85/B81-1)*100 -> 7.1660114 | D85: 45200 | E85: 165.52167 | F85: =(E85/E81-1)*100 -> 6.2114325 | G85: 45200 | H85: 92.896938 | W85: 24746
A86: 41456 | B86: 122.58723 | C86: =(B86/B82-1)*100 -> 6.3582419 | G86: 45292 | H86: 91.048053 | W86: 24838
A87: 41548 | B87: 124.18826 | C87: =(B87/B83-1)*100 -> 6.3939799 | G87: 45383 | H87: 90.702095 | W87: 24929
A88: 41640 | B88: 126.59366 | C88: =(B88/B84-1)*100 -> 6.3890999 | G88: 45474 | H88: 89.408886 | W88: 25020
A89: 41730 | B89: 129.93846 | C89: =(B89/B85-1)*100 -> 7.5746328 | G89: 45566 | H89: 100.37601 | W89: 25112
A90: 41821 | B90: 132 | C90: =(B90/B86-1)*100 -> 7.6784233 | W90: 25204
A91: 41913 | B91: 136.08896 | C91: =(B91/B87-1)*100 -> 9.5827894 | W91: 25294
A92: 42005 | B92: 147.11056 | C92: =(B92/B88-1)*100 -> 16.206893 | W92: 25385
A93: 42095 | B93: 150.5021 | C93: =(B93/B89-1)*100 -> 15.82567 | W93: 25477
A94: 42186 | B94: 152.71963 | C94: =(B94/B90-1)*100 -> 15.696692 | W94: 25569
A95: 42278 | B95: 155.78556 | C95: =(B95/B91-1)*100 -> 14.473326 | W95: 25659
A96: 42370 | B96: 159.38883 | C96: =(B96/B92-1)*100 -> 8.3462847 | W96: 25750
A97: 42461 | B97: 161.5493 | C97: =(B97/B93-1)*100 -> 7.3402298 | W97: 25842
A98: 42552 | B98: 163.13596 | C98: =(B98/B94-1)*100 -> 6.8205594 | W98: 25934
A99: 42644 | B99: 164.7293 | C99: =(B99/B95-1)*100 -> 5.7410539 | W99: 26024
A100: 42736 | B100: 166.7511 | C100: =(B100/B96-1)*100 -> 4.6190605 | W100: 26115
A101: 42826 | B101: 168.3242 | C101: =(B101/B97-1)*100 -> 4.1937043 | W101: 26207
... A120: 44562 | B120: 216.25916 | C120: =(B120/B116-1)*100 -> 11.550023 | W120: 27942
W121: 28034
W122: 28126
W123: 28216
W124: 28307
W125: 28399
W126: 28491
W127: 28581
W128: 28672
W129: 28764
W130: 28856
W131: 28946
W132: 29037
... W225: 37530
W226: 37622 | X226: 2931910491000 | Y226: 1058792595000 | Z226: =X226-Y226 -> 1873117896000 | AA226: =Z226/H2 -> 5.9162138e+10
W227: 37712 | X227: 2991001908000 | Y227: 1105552985000 | Z227: =X227-Y227 -> 1885448923000 | AA227: =Z227/H3 -> 6.1063426e+10
W228: 37803 | X228: 3070652556000 | Y228: 1164005380000 | Z228: =X228-Y228 -> 1906647176000 | AA228: =Z228/H4 -> 6.2660244e+10
W229: 37895 | X229: 3079401250000 | Y229: 1188406671000 | Z229: =X229-Y229 -> 1890994579000 | AA229: =Z229/H5 -> 6.3456084e+10
W230: 37987 | X230: 3286223489000 | Y230: 1298263161000 | Z230: =X230-Y230 -> 1987960328000 | AA230: =Z230/H6 -> 6.9435525e+10 | AB230: =(AA230/AA226-1)*100 -> 17.364799
W231: 38078 | X231: 3355211517000 | Y231: 1364050075000 | Z231: =X231-Y231 -> 1991161442000 | AA231: =Z231/H7 -> 6.8962572e+10 | AB231: =(AA231/AA227-1)*100 -> 12.935969
W232: 38169 | X232: 3425975064000 | Y232: 1412720304000 | Z232: =X232-Y232 -> 2013254760000 | AA232: =Z232/H8 -> 6.9026631e+10 | AB232: =(AA232/AA228-1)*100 -> 10.16017
W233: 38261 | X233: 3431130289000 | Y233: 1492276489000 | Z233: =X233-Y233 -> 1938853800000 | AA233: =Z233/H9 -> 6.7965747e+10 | AB233: =(AA233/AA229-1)*100 -> 7.1067478
W234: 38353 | X234: 3454243717000 | Y234: 1493774824000 | Z234: =X234-Y234 -> 1960468893000 | AA234: =Z234/H10 -> 7.0470277e+10 | AB234: =(AA234/AA230-1)*100 -> 1.4902345
W235: 38443 | X235: 3574319234000 | Y235: 1574919433000 | Z235: =X235-Y235 -> 1999399801000 | AA235: =Z235/H11 -> 7.1233219e+10 | AB235: =(AA235/AA231-1)*100 -> 3.2925785
W236: 38534 | X236: 3634570229000 | Y236: 1669900620000 | Z236: =X236-Y236 -> 1964669609000 | AA236: =Z236/H12 -> 6.9138308e+10 | AB236: =(AA236/AA232-1)*100 -> 0.16178913
W237: 38626 | X237: 3707238013000 | Y237: 1754679038000 | Z237: =X237-Y237 -> 1952558975000 | AA237: =Z237/H13 -> 6.80956e+10 | AB237: =(AA237/AA233-1)*100 -> 0.19105569
W238: 38718 | X238: 3779902766000 | Y238: 1817645917000 | Z238: =X238-Y238 -> 1962256849000 | AA238: =Z238/H14 -> 6.9761814e+10 | AB238: =(AA238/AA234-1)*100 -> -1.0053354
W239: 38808 | X239: 3845668061000 | Y239: 1915434779000 | Z239: =X239-Y239 -> 1930233282000 | AA239: =Z239/H15 -> 7.1010013e+10 | AB239: =(AA239/AA235-1)*100 -> -0.31334446
W240: 38899 | X240: 3890976027000 | Y240: 1997256892000 | Z240: =X240-Y240 -> 1893719135000 | AA240: =Z240/H16 -> 7.0644942e+10 | AB240: =(AA240/AA236-1)*100 -> 2.1791585
W241: 38991 | X241: 3906339917000 | Y241: 2144321740000 | Z241: =X241-Y241 -> 1762018177000 | AA241: =Z241/H17 -> 6.6281159e+10 | AB241: =(AA241/AA237-1)*100 -> -2.66455
... W281: 42644 | X281: 4908395013000 | Y281: 2455146527000 | Z281: =X281-Y281 -> 2453248486000 | AA281: =Z281/H57 -> 3.8928903e+10 | AB281: =(AA281/AA277-1)*100 -> 7.5149155
W282: 42736
W283: 42826
W284: 42917
W285: 43009
W286: 43101
W287: 43191
W288: 43282
W289: 43374
W290: 43466
W291: 43556
W292: 43647
W293: 43739
... W313: 45566

Sheet russia_clean
A1: Date | B1: headline_cpi_yy | C1: core_cpi_yy | D1: cons_yy | E1: g_yy | F1: gfcf_yy | G1: exports_yy
A2: 34151 | B2: =Russia!$C6 -> 952.36175 | C2: #N/A | D2: #N/A | E2: #N/A | F2: #N/A | G2: #N/A
A3: 34243 | B3: =Russia!$C7 -> 925.21769 | C3: #N/A | D3: #N/A | E3: #N/A | F3: #N/A | G3: #N/A
A4: 34335 | B4: =Russia!$C8 -> 676.0355 | C4: #N/A | D4: #N/A | E4: #N/A | F4: #N/A | G4: #N/A
A5: 34425 | B5: =Russia!$C9 -> 469.75943 | C5: #N/A | D5: #N/A | E5: #N/A | F5: #N/A | G5: #N/A
A6: 34516 | B6: =Russia!$C10 -> 267.38878 | C6: #N/A | D6: #N/A | E6: #N/A | F6: #N/A | G6: #N/A
A7: 34608 | B7: =Russia!$C11 -> 209.75101 | C7: #N/A | D7: #N/A | E7: #N/A | F7: #N/A | G7: #N/A
A8: 34700 | B8: =Russia!$C12 -> 216.69217 | C8: #N/A | D8: #N/A | E8: #N/A | F8: #N/A | G8: #N/A
A9: 34790 | B9: =Russia!$C13 -> 222.48409 | C9: #N/A | D9: #N/A | E9: #N/A | F9: #N/A | G9: #N/A
A10: 34881 | B10: =Russia!$C14 -> 221.01739 | C10: #N/A | D10: #N/A | E10: #N/A | F10: #N/A | G10: #N/A
A11: 34973 | B11: =Russia!$C15 -> 156.83312 | C11: #N/A | D11: #N/A | E11: #N/A | F11: #N/A | G11: #N/A
A12: 35065 | B12: =Russia!$C16 -> 90.014523 | C12: #N/A | D12: #N/A | E12: #N/A | F12: #N/A | G12: #N/A
A13: 35156 | B13: =Russia!$C17 -> 58.551756 | C13: #N/A | D13: #N/A | E13: #N/A | F13: #N/A | G13: #N/A
... A43: 37895 | B43: =Russia!$C47 -> 12.547849 | C43: #N/A | D43: #N/A | E43: #N/A | F43: #N/A | G43: #N/A
A44: 37987 | B44: =Russia!$C48 -> 10.695728 | C44: =Russia!$F6 -> 10.720318 | D44: =Russia!$L6 -> 24.171305 | E44: =Russia!$P6 -> 2.5434462 | F44: =Russia!$T6 -> 15.909225 | G44: 17.364799
A45: 38078 | B45: =Russia!$C49 -> 10.163974 | C45: =Russia!$F7 -> 10.853285 | D45: =Russia!$L7 -> 19.072896 | E45: =Russia!$P7 -> 2.1320072 | F45: =Russia!$T7 -> 13.404692 | G45: 12.935969
A46: 38169 | B46: =Russia!$C50 -> 11.003369 | C46: =Russia!$F8 -> 10.765747 | D46: =Russia!$L8 -> 17.42986 | E46: =Russia!$P8 -> 1.9772766 | F46: =Russia!$T8 -> 10.247609 | G46: 10.16017
A47: 38261 | B47: =Russia!$C51 -> 11.657233 | C47: =Russia!$F9 -> 10.404396 | D47: =Russia!$L9 -> 16.478115 | E47: =Russia!$P9 -> 1.8416058 | F47: =Russia!$T9 -> 8.7809638 | G47: 7.1067478
A48: 38353 | B48: =Russia!$C52 -> 13.098347 | C48: =Russia!$F10 -> 10.450467 | D48: =Russia!$L10 -> 14.069153 | E48: =Russia!$P10 -> 0.49929937 | F48: =Russia!$T10 -> 8.1129504 | G48: 1.4902345
A49: 38443 | B49: =Russia!$C53 -> 13.764492 | C49: =Russia!$F11 -> 10.600286 | D49: =Russia!$L11 -> 15.785961 | E49: =Russia!$P11 -> 0.74765033 | F49: =Russia!$T11 -> 8.5731097 | G49: 3.2925785
A50: 38534 | B50: =Russia!$C54 -> 12.674605 | C50: =Russia!$F12 -> 10.105969 | D50: =Russia!$L12 -> 14.559433 | E50: =Russia!$P12 -> 1.7750032 | F50: =Russia!$T12 -> 11.119029 | G50: 0.16178913
A51: 38626 | B51: =Russia!$C55 -> 11.283061 | C51: =Russia!$F13 -> 8.8421333 | D51: =Russia!$L13 -> 11.24065 | E51: =Russia!$P13 -> 2.7387897 | F51: =Russia!$T13 -> 12.706963 | G51: 0.19105569
A52: 38718 | B52: =Russia!$C56 -> 10.832466 | C52: =Russia!$F14 -> 8.623239 | D52: =Russia!$L14 -> 10.657716 | E52: =Russia!$P14 -> 2.3617483 | F52: =Russia!$T14 -> 14.066133 | G52: -1.0053354
A53: 38808 | B53: =Russia!$C57 -> 9.4025952 | C53: =Russia!$F15 -> 7.9784832 | D53: =Russia!$L15 -> 14.980472 | E53: =Russia!$P15 -> 3.087207 | F53: =Russia!$T15 -> 17.353635 | G53: -0.31334446
A54: 38899 | B54: =Russia!$C58 -> 9.4374733 | C54: =Russia!$F16 -> 7.8811841 | D54: =Russia!$L16 -> 18.231792 | E54: =Russia!$P16 -> 2.5129883 | F54: =Russia!$T16 -> 19.118201 | G54: 2.1791585
A55: 38991 | B55: =Russia!$C59 -> 9.056747 | C55: =Russia!$F17 -> 7.7735976 | D55: =Russia!$L17 -> 21.973967 | E55: =Russia!$P17 -> 1.3047172 | F55: =Russia!$T17 -> 20.801256 | G55: -2.66455
... A95: 42644 | B95: =Russia!$C99 -> 5.7410539 | C95: =Russia!$F57 -> 6.1597078 | D95: =Russia!$L57 -> 3.6693764 | E95: =Russia!$P57 -> 0.15206939 | F95: =Russia!$T57 -> 1.1171143 | G95: 7.5149155
A96: 42736 | B96: =Russia!$C100 -> 4.6190605 | C96: =Russia!$F58 -> 5.0259426 | D96: #N/A | E96: #N/A | F96: #N/A
A97: 42826 | B97: =Russia!$C101 -> 4.1937043 | C97: =Russia!$F59 -> 3.8179456 | D97: #N/A | E97: #N/A | F97: #N/A
A98: 42917 | B98: =Russia!$C102 -> 3.3735867 | C98: =Russia!$F60 -> 2.9424875 | D98: #N/A | E98: #N/A | F98: #N/A
A99: 43009 | B99: =Russia!$C103 -> 2.5841588 | C99: =Russia!$F61 -> 2.2695018 | D99: #N/A | E99: #N/A | F99: #N/A
A100: 43101 | B100: =Russia!$C104 -> 2.2549177 | C100: =Russia!$F62 -> 1.9703465 | D100: #N/A | E100: #N/A | F100: #N/A
A101: 43191 | B101: =Russia!$C105 -> 2.3771983 | C101: =Russia!$F63 -> 2.1235434 | D101: #N/A | E101: #N/A | F101: #N/A
A102: 43282 | B102: =Russia!$C106 -> 2.9872796 | C102: =Russia!$F64 -> 2.5755879 | D102: #N/A | E102: #N/A | F102: #N/A
A103: 43374 | B103: =Russia!$C107 -> 3.883809 | C103: =Russia!$F65 -> 3.364366 | D103: #N/A | E103: #N/A | F103: #N/A
A104: 43466 | B104: =Russia!$C108 -> 5.167989 | C104: =Russia!$F66 -> 4.4637695 | D104: #N/A | E104: #N/A | F104: #N/A
A105: 43556 | B105: =Russia!$C109 -> 4.9890633 | C105: =Russia!$F67 -> 4.6006947 | D105: #N/A | E105: #N/A | F105: #N/A
A106: 43647 | B106: =Russia!$C110 -> 4.3033466 | C106: =Russia!$F68 -> 4.2200873 | D106: #N/A | E106: #N/A | F106: #N/A
A107: 43739 | B107: =Russia!$C111 -> 3.4488324 | C107: =Russia!$F69 -> 3.4675966 | D107: #N/A | E107: #N/A | F107: #N/A
... A116: 44562 | B116: =Russia!$C120 -> 11.550023 | C116: =Russia!$F78 -> 12.596771 | D116: #N/A | E116: #N/A | F116: #N/A
A117: 44652 | B117: #N/A | C117: =Russia!$F79 -> 19.782827 | D117: #N/A | E117: #N/A | F117: #N/A
A118: 44743 | B118: #N/A | C118: =Russia!$F80 -> 17.763193 | D118: #N/A | E118: #N/A | F118: #N/A
A119: 44835 | B119: #N/A | C119: =Russia!$F81 -> 15.170394 | D119: #N/A | E119: #N/A | F119: #N/A
A120: 44927 | B120: #N/A | C120: =Russia!$F82 -> 9.8839262 | D120: #N/A | E120: #N/A | F120: #N/A
A121: 45017 | B121: #N/A | C121: =Russia!$F83 -> 2.1856379 | D121: #N/A | E121: #N/A | F121: #N/A
A122: 45108 | B122: #N/A | C122: =Russia!$F84 -> 3.9128633 | D122: #N/A | E122: #N/A | F122: #N/A
A123: 45200 | B123: #N/A | C123: =Russia!$F85 -> 6.2114325 | D123: #N/A | E123: #N/A | F123: #N/A
A124: 45292 | B124: #N/A | C124: #N/A | D124: #N/A | E124: #N/A | F124: #N/A
A125: 45383 | B125: #N/A | C125: #N/A | D125: #N/A | E125: #N/A | F125: #N/A
A126: 45474 | B126: #N/A | C126: #N/A | D126: #N/A | E126: #N/A | F126: #N/A
A127: 45566 | B127: #N/A | C127: #N/A | D127: #N/A | E127: #N/A | F127: #N/A

Sheet South_africa
A1: Year | B1: headline_cpi_quarterly | C1: headline_yy | D1: Year | E1: core_cpi_quarterly | F1: core_yy | G1: observation_date | H1: ex_rate_quarterly_avg | I1: Year | J1: cons_quarterly (current prices) | K1: Year | L1: GDP deflator | M1: cons_quarterly (constand prices) | N1: cons_quarterly ($) | O1: cons_yy | Q1: Year | R1: g_quarterly (constant price) | S1: g_quarterly($) | T1: g_yy | U1: Year | V1: gfcf_quarterly | W1: gfcf_quarterly($) | X1: gfcf_yy | Y1: Year | Z1: imports_q | AA1: exports_q | AB1: netx_q | AC1: netx_q($) | AD1: netx_yy
A2: 25569 | B2: 1.747645 | C2: N/A | D2: 37257 | E2: 55.21133 | F2: N/A | G2: 33970 | H2: 3.1224084 | I2: 33970 | J2: 72481096100 | K2: 33970 | L2: 19.973273 | M2: =(J2/L2)*100 -> 3.6289043e+11 | N2: =M2/H2 -> 1.1622132e+11 | O2: N/A | Q2: 33970 | R2: 123477208775 | S2: =R2/H2 -> 3.9545502e+10 | T2: N/A | U2: 33970 | V2: 64471373875 | W2: =V2/H2 -> 2.0647963e+10 | X2: N/A | Y2: 17168
A3: 25659 | B3: 1.793636 | C3: N/A | D3: 37347 | E3: 56.9048 | F3: N/A | G3: 34060 | H3: 3.1926871 | I3: 34060 | J3: 76459712475 | K3: 34060 | L3: 20.515829 | M3: =(J3/L3)*100 -> 3.7268644e+11 | N3: =M3/H3 -> 1.1673128e+11 | O3: N/A | Q3: 34060 | R3: 124355563350 | S3: =R3/H3 -> 3.8950126e+10 | T3: N/A | U3: 34060 | V3: 65129636725 | W3: =V3/H3 -> 2.039963e+10 | X3: N/A | Y3: 17258
A4: 25750 | B4: 1.824296 | C4: N/A | D4: 37438 | E4: 58.51684 | F4: N/A | G4: 34151 | H4: 3.3740136 | I4: 34151 | J4: 77581056125 | K4: 34151 | L4: 21.046442 | M4: =(J4/L4)*100 -> 3.686184e+11 | N4: =M4/H4 -> 1.092522e+11 | O4: N/A | Q4: 34151 | R4: 125063641375 | S4: =R4/H4 -> 3.7066727e+10 | T4: N/A | U4: 34151 | V4: 6.6227941e+10 | W4: =V4/H4 -> 1.962883e+10 | X4: N/A | Y4: 17349
A5: 25842 | B5: 1.839626 | C5: N/A | D5: 37530 | E5: 60.25653 | F5: N/A | G5: 34243 | H5: 3.3783195 | I5: 34243 | J5: 80430214950 | K5: 34243 | L5: 21.542684 | M5: =(J5/L5)*100 -> 3.7335281e+11 | N5: =M5/H5 -> 1.1051436e+11 | O5: N/A | Q5: 34243 | R5: 125730692650 | S5: =R5/H5 -> 3.7216934e+10 | T5: N/A | U5: 34243 | V5: 67929047975 | W5: =V5/H5 -> 2.0107349e+10 | X5: N/A | Y5: 17441
A6: 25934 | B6: 1.854957 | C6: =(B6/B2-1)*100 -> 6.1403775 | D6: 37622 | E6: 61.23267 | F6: =(E6/E2-1)*100 -> 10.905986 | G6: 34335 | H6: 3.4378347 | I6: 34335 | J6: 83627525875 | K6: 34335 | L6: 22.437679 | M6: =(J6/L6)*100 -> 3.7271024e+11 | N6: =M6/H6 -> 1.0841424e+11 | O6: =(N6/N2-1)*100 -> -6.7174267 | Q6: 34335 | R6: 126300305000 | S6: =R6/H6 -> 3.673833e+10 | T6: =(S6/S2-1)*100 -> -7.0985889 | U6: 34335 | V6: 6.860795e+10 | W6: =V6/H6 -> 1.9956733e+10 | X6: =(W6/W2-1)*100 -> -3.3476909 | Y6: 17533
A7: 26024 | B7: 1.885617 | C7: =(B7/B3-1)*100 -> 5.1281865 | D7: 37712 | E7: 61.63311 | F7: =(E7/E3-1)*100 -> 8.3091585 | G7: 34425 | H7: 3.6123159 | I7: 34425 | J7: 86452711950 | K7: 34425 | L7: 22.593917 | M7: =(J7/L7)*100 -> 3.8263711e+11 | N7: =M7/H7 -> 1.059257e+11 | O7: =(N7/N3-1)*100 -> -9.2567939 | Q7: 34425 | R7: 126301439275 | S7: =R7/H7 -> 3.4964118e+10 | T7: =(S7/S3-1)*100 -> -10.233621 | U7: 34425 | V7: 70108241450 | W7: =V7/H7 -> 1.9408115e+10 | X7: =(W7/W3-1)*100 -> -4.8604604 | Y7: 17624
A8: 26115 | B8: 1.916277 | C8: =(B8/B4-1)*100 -> 5.0419998 | D8: 37803 | E8: 61.01742 | F8: =(E8/E4-1)*100 -> 4.2732656 | G8: 34516 | H8: 3.6081045 | I8: 34516 | J8: 89007777475 | K8: 34516 | L8: 22.739701 | M8: =(J8/L8)*100 -> 3.9142018e+11 | N8: =M8/H8 -> 1.084836e+11 | O8: =(N8/N4-1)*100 -> -0.70350105 | Q8: 34516 | R8: 125735522725 | S8: =R8/H8 -> 3.4848082e+10 | T8: =(S8/S4-1)*100 -> -5.9855414 | U8: 34516 | V8: 72038110525 | W8: =V8/H8 -> 1.9965639e+10 | X8: =(W8/W4-1)*100 -> 1.7158867 | Y8: 17715
A9: 26207 | B9: 1.977598 | C9: =(B9/B5-1)*100 -> 7.5000027 | D9: 37895 | E9: 59.49599 | F9: =(E9/E5-1)*100 -> -1.2621703 | G9: 34608 | H9: 3.5410955 | I9: 34608 | J9: 92308911125 | K9: 34608 | L9: 23.464267 | M9: =(J9/L9)*100 -> 3.9340206e+11 | N9: =M9/H9 -> 1.1109615e+11 | O9: =(N9/N5-1)*100 -> 0.52643836 | Q9: 34608 | R9: 124322992175 | S9: =R9/H9 -> 3.5108625e+10 | T9: =(S9/S5-1)*100 -> -5.6649184 | U9: 34608 | V9: 74756230475 | W9: =V9/H9 -> 2.1111046e+10 | X9: =(W9/W5-1)*100 -> 4.9916957 | Y9: 17807
A10: 26299 | B10: 1.977598 | C10: =(B10/B6-1)*100 -> 6.6115279 | D10: 37987 | E10: 59.56638 | F10: =(E10/E6-1)*100 -> -2.7212434 | G10: 34700 | H10: 3.5656218 | I10: 34700 | J10: 96163180600 | K10: 34700 | L10: 24.276936 | M10: =(J10/L10)*100 -> 3.9610922e+11 | N10: =M10/H10 -> 1.110912e+11 | O10: =(N10/N6-1)*100 -> 2.4692009 | Q10: 34700 | R10: 121200166550 | S10: =R10/H10 -> 3.3991313e+10 | T10: =(S10/S6-1)*100 -> -7.4772491 | U10: 34700 | V10: 76477788525 | W10: =V10/H10 -> 2.1448654e+10 | X10: =(W10/W6-1)*100 -> 7.4757777 | Y10: 17899
A11: 26390 | B11: 1.977598 | C11: =(B11/B7-1)*100 -> 4.878032 | D11: 38078 | E11: 59.81198 | F11: =(E11/E7-1)*100 -> -2.9547917 | G11: 34790 | H11: 3.6402534 | I11: 34790 | J11: 99848171325 | K11: 34790 | L11: 24.84419 | M11: =(J11/L11)*100 -> 4.0189746e+11 | N11: =M11/H11 -> 1.1040371e+11 | O11: =(N11/N7-1)*100 -> 4.2274921 | Q11: 34790 | R11: 118543360175 | S11: =R11/H11 -> 3.256459e+10 | T11: =(S11/S7-1)*100 -> -6.8628287 | U11: 34790 | V11: 79483060700 | W11: =V11/H11 -> 2.1834486e+10 | X11: =(W11/W7-1)*100 -> 12.501838 | Y11: 17989
A12: 26481 | B12: 2.054249 | C12: =(B12/B8-1)*100 -> 7.2000029 | D12: 38169 | E12: 59.99954 | F12: =(E12/E8-1)*100 -> -1.6681793 | G12: 34881 | H12: 3.6478462 | I12: 34881 | J12: 102067245225 | K12: 34881 | L12: 25.613185 | M12: =(J12/L12)*100 -> 3.9849494e+11 | N12: =M12/H12 -> 1.0924116e+11 | O12: =(N12/N8-1)*100 -> 0.69831026 | Q12: 34881 | R12: 116477887800 | S12: =R12/H12 -> 3.1930591e+10 | T12: =(S12/S8-1)*100 -> -8.3720273 | U12: 34881 | V12: 79869986825 | W12: =V12/H12 -> 2.1895108e+10 | X12: =(W12/W8-1)*100 -> 9.6639494 | Y12: 18080
A13: 26573 | B13: 2.11557 | C13: =(B13/B9-1)*100 -> 6.9767465 | D13: 38261 | E13: 60.18817 | F13: =(E13/E9-1)*100 -> 1.1634061 | G13: 34973 | H13: 3.6544848 | I13: 34973 | J13: 104940416950 | K13: 34973 | L13: 26.3982 | M13: =(J13/L13)*100 -> 3.9752869e+11 | N13: =M13/H13 -> 1.0877831e+11 | O13: =(N13/N9-1)*100 -> -2.0863323 | Q13: 34973 | R13: 116234470250 | S13: =R13/H13 -> 3.180598e+10 | T13: =(S13/S9-1)*100 -> -9.4069327 | U13: 34973 | V13: 80204386725 | W13: =V13/H13 -> 2.1946838e+10 | X13: =(W13/W9-1)*100 -> 3.9590269 | Y13: 18172
A14: 26665 | B14: 2.1309 | C14: =(B14/B10-1)*100 -> 7.7519294 | D14: 38353 | E14: 60.69273 | F14: =(E14/E10-1)*100 -> 1.8909156 | G14: 35065 | H14: 3.7709438 | I14: 35065 | J14: 107028234825 | K14: 35065 | L14: 26.479692 | M14: =(J14/L14)*100 -> 4.0418987e+11 | N14: =M14/H14 -> 1.0718534e+11 | O14: =(N14/N10-1)*100 -> -3.5159126 | Q14: 35065 | R14: 119143453025 | S14: =R14/H14 -> 3.1595128e+10 | T14: =(S14/S10-1)*100 -> -7.0494032 | U14: 35065 | V14: 83147575775 | W14: =V14/H14 -> 2.204954e+10 | X14: =(W14/W10-1)*100 -> 2.8015083 | Y14: 18264
A15: 26755 | B15: 2.207551 | C15: =(B15/B11-1)*100 -> 11.627894 | D15: 38443 | E15: 60.82525 | F15: =(E15/E11-1)*100 -> 1.6940921 | G15: 35156 | H15: 4.3107976 | I15: 35156 | J15: 111095641875 | K15: 35156 | L15: 27.207342 | M15: =(J15/L15)*100 -> 4.0832963e+11 | N15: =M15/H15 -> 9.4722525e+10 | O15: =(N15/N11-1)*100 -> -14.203491 | Q15: 35156 | R15: 121567535700 | S15: =R15/H15 -> 2.8200706e+10 | T15: =(S15/S11-1)*100 -> -13.400704 | U15: 35156 | V15: 85783275825 | W15: =V15/H15 -> 1.989963e+10 | X15: =(W15/W11-1)*100 -> -8.8614682 | Y15: 18354
A16: 26846 | B16: 2.253542 | C16: =(B16/B12-1)*100 -> 9.7015016 | D16: 38534 | E16: 61.02728 | F16: =(E16/E12-1)*100 -> 1.7129131 | G16: 35247 | H16: 4.4700976 | I16: 35247 | J16: 114762987950 | K16: 35247 | L16: 27.54753 | M16: =(J16/L16)*100 -> 4.1659993e+11 | N16: =M16/H16 -> 9.3197053e+10 | O16: =(N16/N12-1)*100 -> -14.686867 | Q16: 35247 | R16: 123658814000 | S16: =R16/H16 -> 2.766356e+10 | T16: =(S16/S12-1)*100 -> -13.363459 | U16: 35247 | V16: 87349188350 | W16: =V16/H16 -> 1.9540779e+10 | X16: =(W16/W12-1)*100 -> -10.752764 | Y16: 18445
A17: 26938 | B17: 2.299533 | C17: =(B17/B13-1)*100 -> 8.6956707 | D17: 38626 | E17: 61.04856 | F17: =(E17/E13-1)*100 -> 1.4295002 | G17: 35339 | H17: 4.6370858 | I17: 35339 | J17: 120055484825 | K17: 35339 | L17: 28.001099 | M17: =(J17/L17)*100 -> 4.2875276e+11 | N17: =M17/H17 -> 9.2461686e+10 | O17: =(N17/N13-1)*100 -> -14.99989 | Q17: 35339 | R17: 126063890225 | S17: =R17/H17 -> 2.7186017e+10 | T17: =(S17/S13-1)*100 -> -14.525456 | U17: 35339 | V17: 88224329350 | W17: =V17/H17 -> 1.9025814e+10 | X17: =(W17/W13-1)*100 -> -13.309547 | Y17: 18537
... A89: 33512 | B89: 23.86915 | C89: =(B89/B85-1)*100 -> 16.107399 | D89: 45200 | E89: 142.103 | F89: =(E89/E85-1)*100 -> 4.5135515 | G89: 41913 | H89: 11.21856 | I89: 41913 | J89: 672949207250 | K89: 41913 | L89: 96.031142 | M89: =(J89/L89)*100 -> 7.0076143e+11 | N89: =M89/H89 -> 6.2464474e+10 | O89: =(N89/N85-1)*100 -> -7.8210152 | Q89: 41913 | R89: 213109227100 | S89: =R89/H89 -> 1.8996131e+10 | T89: =(S89/S85-1)*100 -> -7.7323341 | U89: 41913 | V89: 199068662550 | W89: =V89/H89 -> 1.7744583e+10 | X89: =(W89/W85-1)*100 -> -11.544644 | Y89: 25112
A90: 33604 | B90: 24.63566 | C90: =(B90/B86-1)*100 -> 15.861583 | G90: 42005 | H90: 11.742899 | I90: 42005 | J90: 683812563000 | K90: 42005 | L90: 97.512082 | M90: =(J90/L90)*100 -> 7.0125932e+11 | N90: =M90/H90 -> 5.9717736e+10 | O90: =(N90/N86-1)*100 -> -5.5592382 | Q90: 42005 | R90: 209442624775 | S90: =R90/H90 -> 1.7835684e+10 | T90: =(S90/S86-1)*100 -> -8.0037288 | U90: 42005 | V90: 198164977700 | W90: =V90/H90 -> 1.6875303e+10 | X90: =(W90/W86-1)*100 -> -8.3802148 | Y90: 25204
A91: 33695 | B91: 25.37151 | C91: =(B91/B87-1)*100 -> 15.01044 | G91: 42095 | H91: 12.088089 | I91: 42095 | J91: 696684523500 | K91: 42095 | L91: 99.757535 | M91: =(J91/L91)*100 -> 6.9837785e+11 | N91: =M91/H91 -> 5.777405e+10 | O91: =(N91/N87-1)*100 -> -12.373725 | Q91: 42095 | R91: 209396306000 | S91: =R91/H91 -> 1.7322532e+10 | T91: =(S91/S87-1)*100 -> -13.716369 | U91: 42095 | V91: 196876390700 | W91: =V91/H91 -> 1.6286809e+10 | X91: =(W91/W87-1)*100 -> -11.168056 | Y91: 25294
A92: 33786 | B92: 26.09203 | C92: =(B92/B88-1)*100 -> 14.151547 | G92: 42186 | H92: 13.005984 | I92: 42186 | J92: 710643157250 | K92: 42186 | L92: 100.61428 | M92: =(J92/L92)*100 -> 7.0630449e+11 | N92: =M92/H92 -> 5.4306117e+10 | O92: =(N92/N88-1)*100 -> -16.081321 | Q92: 42186 | R92: 209500369000 | S92: =R92/H92 -> 1.6107998e+10 | T92: =(S92/S88-1)*100 -> -18.26382 | U92: 42186 | V92: 202207636400 | W92: =V92/H92 -> 1.5547277e+10 | X92: =(W92/W88-1)*100 -> -13.360003 | Y92: 25385
A93: 33878 | B93: 26.44463 | C93: =(B93/B89-1)*100 -> 10.789995 | G93: 42278 | H93: 14.221892 | I93: 42278 | J93: 724070125250 | K93: 42278 | L93: 102.11578 | M93: =(J93/L93)*100 -> 7.0906782e+11 | N93: =M93/H93 -> 4.9857488e+10 | O93: =(N93/N89-1)*100 -> -20.18265 | Q93: 42278 | R93: 210951322625 | S93: =R93/H93 -> 1.4832859e+10 | T93: =(S93/S89-1)*100 -> -21.916419 | U93: 42278 | V93: 198889455875 | W93: =V93/H93 -> 1.3984739e+10 | X93: =(W93/W89-1)*100 -> -21.188683 | Y93: 25477
A94: 33970 | B94: 26.95053 | C94: =(B94/B90-1)*100 -> 9.3964197 | G94: 42370 | H94: 15.825742 | I94: 42370 | J94: 733419531750 | K94: 42370 | L94: 104.70106 | M94: =(J94/L94)*100 -> 7.0048912e+11 | N94: =M94/H94 -> 4.426264e+10 | O94: =(N94/N90-1)*100 -> -25.880244 | Q94: 42370 | R94: 211930756150 | S94: =R94/H94 -> 1.3391521e+10 | T94: =(S94/S90-1)*100 -> -24.917254 | U94: 42370 | V94: 197900329275 | W94: =V94/H94 -> 1.2504964e+10 | X94: =(W94/W90-1)*100 -> -25.897844 | Y94: 25569
A95: 34060 | B95: 28.06963 | C95: =(B95/B91-1)*100 -> 10.634448 | G95: 42461 | H95: 15.001632 | I95: 42461 | J95: 746445563000 | K95: 42461 | L95: 106.78429 | M95: =(J95/L95)*100 -> 6.9902189e+11 | N95: =M95/H95 -> 4.6596389e+10 | O95: =(N95/N91-1)*100 -> -19.347201 | Q95: 42461 | R95: 214679085750 | S95: =R95/H95 -> 1.4310382e+10 | T95: =(S95/S91-1)*100 -> -17.388626 | U95: 42461 | V95: 200594799800 | W95: =V95/H95 -> 1.3371532e+10 | X95: =(W95/W91-1)*100 -> -17.899623 | Y95: 25659
A96: 34151 | B96: 28.54487 | C96: =(B96/B92-1)*100 -> 9.400725 | G96: 42552 | H96: 14.067304 | I96: 42552 | J96: 761689103500 | K96: 42552 | L96: 107.80715 | M96: =(J96/L96)*100 -> 7.0652928e+11 | N96: =M96/H96 -> 5.0224926e+10 | O96: =(N96/N92-1)*100 -> -7.5151597 | Q96: 42552 | R96: 215483473775 | S96: =R96/H96 -> 1.5318037e+10 | T96: =(S96/S92-1)*100 -> -4.9041572 | U96: 42552 | V96: 188658565600 | W96: =V96/H96 -> 1.3411139e+10 | X96: =(W96/W92-1)*100 -> -13.739627 | Y96: 25750
A97: 34243 | B97: 28.94345 | C97: =(B97/B93-1)*100 -> 9.449253 | G97: 42644 | H97: 13.91854 | I97: 42644 | J97: 770342796000 | K97: 42644 | L97: 108.51299 | M97: =(J97/L97)*100 -> 7.0990836e+11 | N97: =M97/H97 -> 5.1004516e+10 | O97: =(N97/N93-1)*100 -> 2.3006125 | Q97: 42644 | R97: 214129159550 | S97: =R97/H97 -> 1.5384456e+10 | T97: =(S97/S93-1)*100 -> 3.71875 | U97: 42644 | V97: 193603644500 | W97: =V97/H97 -> 1.3909767e+10 | X97: =(W97/W93-1)*100 -> -0.53610019 | Y97: 25842
A98: 34335 | B98: 29.55666 | C98: =(B98/B94-1)*100 -> 9.670051 | G98: 42736 | H98: 13.224085 | I98: 42736 | J98: 778163960750 | K98: 42736 | L98: 110.58985 | M98: =(J98/L98)*100 -> 7.0364865e+11 | N98: =M98/H98 -> 5.3209629e+10 | O98: =(N98/N94-1)*100 -> 20.213411 | Q98: 42736 | R98: 213997119225 | S98: =R98/H98 -> 1.6182376e+10 | T98: =(S98/S94-1)*100 -> 20.840465 | U98: 42736 | V98: 192913261500 | W98: =V98/H98 -> 1.4588023e+10 | X98: =(W98/W94-1)*100 -> 16.657863 | Y98: 25934
A99: 34425 | B99: 30.07789 | C99: =(B99/B95-1)*100 -> 7.1545653 | G99: 42826 | H99: 13.196394 | I99: 42826 | J99: 792908846500 | K99: 42826 | L99: 111.80794 | M99: =(J99/L99)*100 -> 7.0917046e+11 | N99: =M99/H99 -> 5.3739715e+10 | O99: =(N99/N95-1)*100 -> 15.330214 | Q99: 42826 | R99: 213294636175 | S99: =R99/H99 -> 1.61631e+10 | T99: =(S99/S95-1)*100 -> 12.946672 | U99: 42826 | V99: 187796400925 | W99: =V99/H99 -> 1.4230888e+10 | X99: =(W99/W95-1)*100 -> 6.4267586 | Y99: 26024
A100: 34516 | B100: 31.151 | C100: =(B100/B96-1)*100 -> 9.1299417 | G100: 42917 | H100: 13.185464 | I100: 42917 | J100: 806541288000 | K100: 42917 | L100: 113.82898 | M100: =(J100/L100)*100 -> 7.0855534e+11 | N100: =M100/H100 -> 5.373761e+10 | O100: =(N100/N96-1)*100 -> 6.9939071 | Q100: 42917 | R100: 213273850850 | S100: =R100/H100 -> 1.6174921e+10 | T100: =(S100/S96-1)*100 -> 5.5939597 | U100: 42917 | V100: 190998737525 | W100: =V100/H100 -> 1.4485553e+10 | X100: =(W100/W96-1)*100 -> 8.011352 | Y100: 26115
A101: 34608 | B101: 31.77954 | C101: =(B101/B97-1)*100 -> 9.7987282 | G101: 43009 | H101: 13.617283 | I101: 43009 | J101: 822101110250 | K101: 43009 | L101: 114.97086 | M101: =(J101/L101)*100 -> 7.1505169e+11 | N101: =M101/H101 -> 5.25106e+10 | O101: =(N101/N97-1)*100 -> 2.9528454 | Q101: 43009 | R101: 213275970925 | S101: =R101/H101 -> 1.5662153e+10 | T101: =(S101/S97-1)*100 -> 1.8050506 | U101: 43009 | V101: 193175077625 | W101: =V101/H101 -> 1.4186022e+10 | X101: =(W101/W97-1)*100 -> 1.9860509 | Y101: 26207
... A124: 36708 | B124: 46.55788 | C124: =(B124/B120-1)*100 -> 6.5988274 | G124: 45108 | H124: 18.639787 | I124: 45108 | J124: 1133479772500 | K124: 45108 | L124: 151.85132 | M124: =(J124/L124)*100 -> 7.4644051e+11 | N124: =M124/H124 -> 4.004555e+10 | O124: =(N124/N120-1)*100 -> -7.0324177 | Q124: 45108 | R124: 231695486500 | S124: =R124/H124 -> 1.2430158e+10 | T124: =(S124/S120-1)*100 -> -6.0433618 | U124: 45108 | V124: 172926946200 | W124: =V124/H124 -> 9.2773029e+09 | X124: =(W124/W120-1)*100 -> -5.3259264 | Y124: 28307
A125: 36800 | B125: 47.01778 | C125: =(B125/B121-1)*100 -> 7.0132494 | G125: 45200 | H125: 18.742339 | Y125: 28399
A126: 36892 | B126: 47.9376 | C126: =(B126/B122-1)*100 -> 7.4201362 | G126: 45292 | H126: 18.885092 | Y126: 28491
A127: 36982 | B127: 48.62746 | C127: =(B127/B123-1)*100 -> 6.4072642 | G127: 45383 | H127: 18.575424 | Y127: 28581
A128: 37073 | B128: 48.78076 | C128: =(B128/B124-1)*100 -> 4.7744442 | G128: 45474 | H128: 17.963681 | Y128: 28672
A129: 37165 | B129: 49.04137 | C129: =(B129/B125-1)*100 -> 4.3038825 | G129: 45566 | H129: 17.926828 | Y129: 28764
A130: 37257 | B130: 50.70294 | C130: =(B130/B126-1)*100 -> 5.7686242 | Y130: 28856
A131: 37347 | B131: 52.43606 | C131: =(B131/B127-1)*100 -> 7.8322002 | Y131: 28946
A132: 37438 | B132: 54.00871 | C132: =(B132/B128-1)*100 -> 10.717238 | Y132: 29037
A133: 37530 | B133: 55.69598 | C133: =(B133/B129-1)*100 -> 13.56938 | Y133: 29129
A134: 37622 | B134: 56.48459 | C134: =(B134/B130-1)*100 -> 11.402988 | Y134: 29221
A135: 37712 | B135: 56.78032 | C135: =(B135/B131-1)*100 -> 8.2848711 | Y135: 29312
A136: 37803 | B136: 56.37684 | C136: =(B136/B132-1)*100 -> 4.3847187 | Y136: 29403
A137: 37895 | B137: 55.29021 | C137: =(B137/B133-1)*100 -> -0.7285445 | Y137: 29495
A138: 37987 | B138: 55.48965 | C138: =(B138/B134-1)*100 -> -1.7614362 | Y138: 29587
A139: 38078 | B139: 55.80372 | C139: =(B139/B135-1)*100 -> -1.7199621 | Y139: 29677
A140: 38169 | B140: 55.87938 | C140: =(B140/B136-1)*100 -> -0.88238362 | Y140: 29768
A141: 38261 | B141: 56.20261 | C141: =(B141/B137-1)*100 -> 1.6502017 | Y141: 29860
... A185: 42278 | B185: 101.5866 | C185: =(B185/B181-1)*100 -> 4.830485 | Y185: 33878
A186: 42370 | B186: 103.8821 | C186: =(B186/B182-1)*100 -> 6.506713 | Y186: 33970 | Z186: 91116966675 | AA186: 148027818575 | AB186: =AA186-Z186 -> 56910851900 | AC186: =AB186/H2 -> 1.8226588e+10
A187: 42461 | B187: 106.2676 | C187: =(B187/B183-1)*100 -> 6.4952869 | Y187: 34060 | Z187: 89520511225 | AA187: 143774904050 | AB187: =AA187-Z187 -> 54254392825 | AC187: =AB187/H3 -> 1.6993332e+10
A188: 42552 | B188: 107.5729 | C188: =(B188/B184-1)*100 -> 6.4114194 | Y188: 34151 | Z188: 94316977375 | AA188: 143511649275 | AB188: =AA188-Z188 -> 49194671900 | AC188: =AB188/H4 -> 1.458046e+10
A189: 42644 | B189: 108.5631 | C189: =(B189/B185-1)*100 -> 6.8675396 | Y189: 34243 | Z189: 100075306250 | AA189: 165623362250 | AB189: =AA189-Z189 -> 65548056000 | AC189: =AB189/H5 -> 1.9402563e+10
A190: 42736 | B190: 110.6335 | C190: =(B190/B186-1)*100 -> 6.4990985 | Y190: 34335 | Z190: 103598191775 | AA190: 161467987000 | AB190: =AA190-Z190 -> 57869795225 | AC190: =AB190/H6 -> 1.683321e+10 | AD190: =(AC190/AC186-1)*100 -> -7.6447531
A191: 42826 | B191: 111.8038 | C191: =(B191/B187-1)*100 -> 5.2096782 | Y191: 34425 | Z191: 102259698125 | AA191: 139690405050 | AB191: =AA191-Z191 -> 37430706925 | AC191: =AB191/H7 -> 1.0361969e+10 | AD191: =(AC191/AC187-1)*100 -> -39.023324
A192: 42917 | B192: 112.4789 | C192: =(B192/B188-1)*100 -> 4.5606282 | Y192: 34516 | Z192: 112584254650 | AA192: 148991736025 | AB192: =AA192-Z192 -> 36407481375 | AC192: =AB192/H8 -> 1.0090473e+10 | AD192: =(AC192/AC188-1)*100 -> -30.79455
A193: 43009 | B193: 113.4691 | C193: =(B193/B189-1)*100 -> 4.5190309 | Y193: 34608 | Z193: 116940529150 | AA193: 165725626600 | AB193: =AA193-Z193 -> 48785097450 | AC193: =AB193/H9 -> 1.3776838e+10 | AD193: =(AC193/AC189-1)*100 -> -28.994753
A194: 43101 | B194: 114.9994 | C194: =(B194/B190-1)*100 -> 3.9462731 | Y194: 34700 | Z194: 124867021625 | AA194: 174757965200 | AB194: =AA194-Z194 -> 49890943575 | AC194: =AB194/H10 -> 1.3992214e+10 | AD194: =(AC194/AC190-1)*100 -> -16.877329
A195: 43191 | B195: 116.6198 | C195: =(B195/B191-1)*100 -> 4.3075459 | Y195: 34790 | Z195: 124380511825 | AA195: 151746798425 | AB195: =AA195-Z195 -> 27366286600 | AC195: =AB195/H11 -> 7.5176872e+09 | AD195: =(AC195/AC191-1)*100 -> -27.449242
A196: 43282 | B196: 118.0151 | C196: =(B196/B192-1)*100 -> 4.9219898 | Y196: 34881 | Z196: 129011314450 | AA196: 179694667125 | AB196: =AA196-Z196 -> 50683352675 | AC196: =AB196/H12 -> 1.3894049e+10 | AD196: =(AC196/AC192-1)*100 -> 37.694718
A197: 43374 | B197: 119.0053 | C197: =(B197/B193-1)*100 -> 4.8790376 | Y197: 34973 | Z197: 130228096125 | AA197: 177037143975 | AB197: =AA197-Z197 -> 46809047850 | AC197: =AB197/H13 -> 1.2808659e+10 | AD197: =(AC197/AC193-1)*100 -> -7.0275859
A198: 43466 | B198: 119.7705 | C198: =(B198/B194-1)*100 -> 4.1488043 | Y198: 35065 | Z198: 132616355575 | AA198: 173614494500 | AB198: =AA198-Z198 -> 40998138925 | AC198: =AB198/H14 -> 1.0872116e+10 | AD198: =(AC198/AC194-1)*100 -> -22.298815
A199: 43556 | B199: 121.7959 | C199: =(B199/B195-1)*100 -> 4.4384401 | Y199: 35156 | Z199: 137095018225 | AA199: 173402203150 | AB199: =AA199-Z199 -> 36307184925 | AC199: =AB199/H15 -> 8.4223822e+09 | AD199: =(AC199/AC195-1)*100 -> 12.034219
A200: 43647 | B200: 122.9211 | C200: =(B200/B196-1)*100 -> 4.1570952 | Y200: 35247 | Z200: 144548186350 | AA200: 197500477125 | AB200: =AA200-Z200 -> 52952290775 | AC200: =AB200/H16 -> 1.1845891e+10 | AD200: =(AC200/AC196-1)*100 -> -14.741256
A201: 43739 | B201: 123.4612 | C201: =(B201/B197-1)*100 -> 3.744287 | Y201: 35339 | Z201: 138519724525 | AA201: 187938591425 | AB201: =AA201-Z201 -> 49418866900 | AC201: =AB201/H17 -> 1.0657311e+10 | AD201: =(AC201/AC197-1)*100 -> -16.796038
... A217: 45200 | B217: 152.7625 | C217: =(B217/B213-1)*100 -> 5.6334132 | Y217: 36800 | Z217: 146419169900 | AA217: 228350560875 | AB217: =AA217-Z217 -> 81931390975 | AC217: =AB217/H33 -> 1.0787333e+10 | AD217: =(AC217/AC213-1)*100 -> -1.2637727
Y218: 36892 | Z218: 144245596850 | AA218: 225676499925 | AB218: =AA218-Z218 -> 81430903075 | AC218: =AB218/H34 -> 1.040652e+10 | AD218: =(AC218/AC214-1)*100 -> -13.141913
Y219: 36982 | Z219: 146915822400 | AA219: 234362219750 | AB219: =AA219-Z219 -> 87446397350 | AC219: =AB219/H35 -> 1.0883534e+10 | AD219: =(AC219/AC215-1)*100 -> 3.2382333
Y220: 37073 | Z220: 140258177275 | AA220: 214876304325 | AB220: =AA220-Z220 -> 74618127050 | AC220: =AB220/H36 -> 8.9062222e+09 | AD220: =(AC220/AC216-1)*100 -> -11.032982
Y221: 37165 | Z221: 143666788800 | AA221: 219339822675 | AB221: =AA221-Z221 -> 75673033875 | AC221: =AB221/H37 -> 7.4208042e+09 | AD221: =(AC221/AC217-1)*100 -> -31.208164
Y222: 37257 | Z222: 148640751575 | AA222: 222026708825 | AB222: =AA222-Z222 -> 73385957250 | AC222: =AB222/H38 -> 6.3627499e+09 | AD222: =(AC222/AC218-1)*100 -> -38.858042
Y223: 37347 | Z223: 151247416400 | AA223: 228485900825 | AB223: =AA223-Z223 -> 77238484425 | AC223: =AB223/H39 -> 7.38419e+09 | AD223: =(AC223/AC219-1)*100 -> -32.152645
Y224: 37438 | Z224: 150695993525 | AA224: 220020572500 | AB224: =AA224-Z224 -> 69324578975 | AC224: =AB224/H40 -> 6.641929e+09 | AD224: =(AC224/AC220-1)*100 -> -25.423722
Y225: 37530 | Z225: 155220974350 | AA225: 232568374750 | AB225: =AA225-Z225 -> 77347400400 | AC225: =AB225/H41 -> 8.0053442e+09 | AD225: =(AC225/AC221-1)*100 -> 7.8770445
Y226: 37622 | Z226: 155023868575 | AA226: 223161066875 | AB226: =AA226-Z226 -> 68137198300 | AC226: =AB226/H42 -> 8.1645615e+09 | AD226: =(AC226/AC222-1)*100 -> 28.318127
Y227: 37712 | Z227: 160270669050 | AA227: 223051377400 | AB227: =AA227-Z227 -> 62780708350 | AC227: =AB227/H43 -> 8.0826245e+09 | AD227: =(AC227/AC223-1)*100 -> 9.4585124
Y228: 37803 | Z228: 166844468125 | AA228: 231399591100 | AB228: =AA228-Z228 -> 64555122975 | AC228: =AB228/H44 -> 8.6961388e+09 | AD228: =(AC228/AC224-1)*100 -> 30.92791
Y229: 37895 | Z229: 172644381925 | AA229: 226476389425 | AB229: =AA229-Z229 -> 53832007500 | AC229: =AB229/H45 -> 7.9860283e+09 | AD229: =(AC229/AC225-1)*100 -> -0.24128731
... Y308: 45108 | Z308: 335438434750 | AA308: 326940928000 | AB308: =AA308-Z308 -> -8497506750 | AC308: =AB308/H124 -> -4.5588005e+08 | AD308: =(AC308/AC304-1)*100 -> -64.50381
Y309: 45200
Y310: 45292
Y311: 45383
Y312: 45474
Y313: 45566

Sheet south_africa_clean
A1: Date | B1: headline_cpi_yy | C1: core_cpi_yy | D1: cons_yy | E1: g_yy | F1: gfcf_yy | G1: exports_yy
A2: 25934 | B2: =South_africa!$C6 -> 6.1403775 | C2: #N/A | D2: #N/A | E2: #N/A | F2: #N/A | G2: #N/A
A3: 26024 | B3: =South_africa!$C7 -> 5.1281865 | C3: #N/A | D3: #N/A | E3: #N/A | F3: #N/A | G3: #N/A
A4: 26115 | B4: =South_africa!$C8 -> 5.0419998 | C4: #N/A | D4: #N/A | E4: #N/A | F4: #N/A | G4: #N/A
A5: 26207 | B5: =South_africa!$C9 -> 7.5000027 | C5: #N/A | D5: #N/A | E5: #N/A | F5: #N/A | G5: #N/A
A6: 26299 | B6: =South_africa!$C10 -> 6.6115279 | C6: #N/A | D6: #N/A | E6: #N/A | F6: #N/A | G6: #N/A
A7: 26390 | B7: =South_africa!$C11 -> 4.878032 | C7: #N/A | D7: #N/A | E7: #N/A | F7: #N/A | G7: #N/A
A8: 26481 | B8: =South_africa!$C12 -> 7.2000029 | C8: #N/A | D8: #N/A | E8: #N/A | F8: #N/A | G8: #N/A
A9: 26573 | B9: =South_africa!$C13 -> 6.9767465 | C9: #N/A | D9: #N/A | E9: #N/A | F9: #N/A | G9: #N/A
A10: 26665 | B10: =South_africa!$C14 -> 7.7519294 | C10: #N/A | D10: #N/A | E10: #N/A | F10: #N/A | G10: #N/A
A11: 26755 | B11: =South_africa!$C15 -> 11.627894 | C11: #N/A | D11: #N/A | E11: #N/A | F11: #N/A | G11: #N/A
A12: 26846 | B12: =South_africa!$C16 -> 9.7015016 | C12: #N/A | D12: #N/A | E12: #N/A | F12: #N/A | G12: #N/A
A13: 26938 | B13: =South_africa!$C17 -> 8.6956707 | C13: #N/A | D13: #N/A | E13: #N/A | F13: #N/A | G13: #N/A
... A93: 34243 | B93: =South_africa!$C97 -> 9.449253 | C93: #N/A | D93: #N/A | E93: #N/A | F93: #N/A | G93: #N/A
A94: 34335 | B94: =South_africa!$C98 -> 9.670051 | C94: #N/A | D94: =South_africa!$O6 -> -6.7174267 | E94: =South_africa!$T6 -> -7.0985889 | F94: =South_africa!$X6 -> -3.3476909 | G94: -7.6447531
A95: 34425 | B95: =South_africa!$C99 -> 7.1545653 | C95: #N/A | D95: =South_africa!$O7 -> -9.2567939 | E95: =South_africa!$T7 -> -10.233621 | F95: =South_africa!$X7 -> -4.8604604 | G95: -39.023324
A96: 34516 | B96: =South_africa!$C100 -> 9.1299417 | C96: #N/A | D96: =South_africa!$O8 -> -0.70350105 | E96: =South_africa!$T8 -> -5.9855414 | F96: =South_africa!$X8 -> 1.7158867 | G96: -30.79455
A97: 34608 | B97: =South_africa!$C101 -> 9.7987282 | C97: #N/A | D97: =South_africa!$O9 -> 0.52643836 | E97: =South_africa!$T9 -> -5.6649184 | F97: =South_africa!$X9 -> 4.9916957 | G97: -28.994753
A98: 34700 | B98: =South_africa!$C102 -> 9.9585 | C98: #N/A | D98: =South_africa!$O10 -> 2.4692009 | E98: =South_africa!$T10 -> -7.4772491 | F98: =South_africa!$X10 -> 7.4757777 | G98: -16.877329
A99: 34790 | B99: =South_africa!$C103 -> 10.652409 | C99: #N/A | D99: =South_africa!$O11 -> 4.2274921 | E99: =South_africa!$T11 -> -6.8628287 | F99: =South_africa!$X11 -> 12.501838 | G99: -27.449242
A100: 34881 | B100: =South_africa!$C104 -> 7.7263972 | C100: #N/A | D100: =South_africa!$O12 -> 0.69831026 | E100: =South_africa!$T12 -> -8.3720273 | F100: =South_africa!$X12 -> 9.6639494 | G100: 37.694718
A101: 34973 | B101: =South_africa!$C105 -> 6.5605418 | C101: #N/A | D101: =South_africa!$O13 -> -2.0863323 | E101: =South_africa!$T13 -> -9.4069327 | F101: =South_africa!$X13 -> 3.9590269 | G101: -7.0275859
A102: 35065 | B102: =South_africa!$C106 -> 6.5094341 | C102: #N/A | D102: =South_africa!$O14 -> -3.5159126 | E102: =South_africa!$T14 -> -7.0494032 | F102: =South_africa!$X14 -> 2.8015083 | G102: -22.298815
A103: 35156 | B103: =South_africa!$C107 -> 6.0801498 | C103: #N/A | D103: =South_africa!$O15 -> -14.203491 | E103: =South_africa!$T15 -> -13.400704 | F103: =South_africa!$X15 -> -8.8614682 | G103: 12.034219
A104: 35247 | B104: =South_africa!$C108 -> 7.6290644 | C104: #N/A | D104: =South_africa!$O16 -> -14.686867 | E104: =South_africa!$T16 -> -13.363459 | F104: =South_africa!$X16 -> -10.752764 | G104: -14.741256
A105: 35339 | B105: =South_africa!$C109 -> 9.1444273 | C105: #N/A | D105: =South_africa!$O17 -> -14.99989 | E105: =South_africa!$T17 -> -14.525456 | F105: =South_africa!$X17 -> -13.309547 | G105: -16.796038
... A129: 37530 | B129: =South_africa!$C133 -> 13.56938 | C129: #N/A | D129: =South_africa!$O41 -> 8.0661106 | E129: =South_africa!$T41 -> 11.023182 | F129: =South_africa!$X41 -> 13.061232 | G129: 7.8770445
A130: 37622 | B130: =South_africa!$C134 -> 11.402988 | C130: =South_africa!$F6 -> 10.905986 | D130: =South_africa!$O42 -> 40.315983 | E130: =South_africa!$T42 -> 45.649316 | F130: =South_africa!$X42 -> 48.340954 | G130: 28.318127
A131: 37712 | B131: =South_africa!$C135 -> 8.2848711 | C131: =South_africa!$F7 -> 8.3091585 | D131: =South_africa!$O43 -> 37.186287 | E131: =South_africa!$T43 -> 42.100426 | F131: =South_africa!$X43 -> 48.415935 | G131: 9.4585124
A132: 37803 | B132: =South_africa!$C136 -> 4.3847187 | C132: =South_africa!$F8 -> 4.2732656 | D132: =South_africa!$O44 -> 43.563503 | E132: =South_africa!$T44 -> 48.540137 | F132: =South_africa!$X44 -> 56.379965 | G132: 30.92791
A133: 37895 | B133: =South_africa!$C137 -> -0.7285445 | C133: =South_africa!$F9 -> -1.2621703 | D133: =South_africa!$O45 -> 44.967822 | E133: =South_africa!$T45 -> 52.000982 | F133: =South_africa!$X45 -> 60.606483 | G133: -0.24128731
A134: 37987 | B134: =South_africa!$C138 -> -1.7614362 | C134: =South_africa!$F10 -> -2.7212434 | D134: =South_africa!$O46 -> 31.088993 | E134: =South_africa!$T46 -> 30.741428 | F134: =South_africa!$X46 -> 39.735639 | G134: -22.410462
A135: 38078 | B135: =South_africa!$C139 -> -1.7199621 | C135: =South_africa!$F11 -> -2.9547917 | D135: =South_africa!$O47 -> 26.652095 | E135: =South_africa!$T47 -> 24.840379 | F135: =South_africa!$X47 -> 31.772543 | G135: -25.58472
A136: 38169 | B136: =South_africa!$C140 -> -0.88238362 | C136: =South_africa!$F12 -> -1.6681793 | D136: =South_africa!$O48 -> 25.120758 | E136: =South_africa!$T48 -> 22.350605 | F136: =South_africa!$X48 -> 31.449124 | G136: -22.789224
A137: 38261 | B137: =South_africa!$C141 -> 1.6502017 | C137: =South_africa!$F13 -> 1.1634061 | D137: =South_africa!$O49 -> 20.747397 | E137: =South_africa!$T49 -> 15.260638 | F137: =South_africa!$X49 -> 25.806075 | G137: -0.99492163
A138: 38353 | B138: =South_africa!$C142 -> 1.9334777 | C138: =South_africa!$F14 -> 1.8909156 | D138: =South_africa!$O50 -> 19.041959 | E138: =South_africa!$T50 -> 14.69875 | F138: =South_africa!$X50 -> 25.464902 | G138: 5.1605251
A139: 38443 | B139: =South_africa!$C143 -> 1.860987 | C139: =South_africa!$F15 -> 1.6940921 | D139: =South_africa!$O51 -> 8.0737601 | E139: =South_africa!$T51 -> 3.3976411 | F139: =South_africa!$X51 -> 14.974691 | G139: 24.990717
A140: 38534 | B140: =South_africa!$C144 -> 2.3958927 | C140: =South_africa!$F16 -> 1.7129131 | D140: =South_africa!$O52 -> 3.422139 | E140: =South_africa!$T52 -> -1.568181 | F140: =South_africa!$X52 -> 8.4127483 | G140: 0.63277562
A141: 38626 | B141: =South_africa!$C145 -> 2.0598865 | C141: =South_africa!$F17 -> 1.4295002 | D141: =South_africa!$O53 -> -2.5987469 | E141: =South_africa!$T53 -> -5.5439325 | F141: =South_africa!$X53 -> 2.5268237 | G141: -25.339773
... A212: 45108 | B212: =South_africa!$C216 -> 5.0203736 | C212: =South_africa!$F88 -> 4.7670101 | D212: =South_africa!$O124 -> -7.0324177 | E212: =South_africa!$T124 -> -6.0433618 | F212: =South_africa!$X124 -> -5.3259264 | G212: -64.50381
A213: 45200 | B213: =South_africa!$C217 -> 5.6334132 | C213: =South_africa!$F89 -> 4.5135515 | D213: #N/A | E213: #N/A | F213: #N/A | G213: #N/A
A214: 45292 | B214: #N/A | C214: #N/A | D214: #N/A | E214: #N/A | F214: #N/A | G214: #N/A
A215: 45383 | B215: #N/A | C215: #N/A | D215: #N/A | E215: #N/A | F215: #N/A | G215: #N/A
A216: 45474 | B216: #N/A | C216: #N/A | D216: #N/A | E216: #N/A | F216: #N/A | G216: #N/A
A217: 45566 | B217: #N/A | C217: #N/A | D217: #N/A | E217: #N/A | F217: #N/A | G217: #N/A
